area,start_date,end_date,value
Bitterroot,1981-01-01,1981-01-31,20.32400994002819
Gallatin,1981-01-01,1981-01-31,-18.70338030345738
Paradise Valley,1981-01-01,1981-01-31,-12.583968909457326
Bitterroot,1981-02-01,1981-02-28,85.4171013534069
Gallatin,1981-02-01,1981-02-28,-7.6292877942323685
Paradise Valley,1981-02-01,1981-02-28,24.10628618299961
Bitterroot,1981-03-01,1981-03-31,7.6256662011146545
Gallatin,1981-03-01,1981-03-31,-30.59477248042822
Paradise Valley,1981-03-01,1981-03-31,-13.58285279199481
Bitterroot,1981-04-01,1981-04-30,9.936462342739105
Gallatin,1981-04-01,1981-04-30,-49.59379422664642
Paradise Valley,1981-04-01,1981-04-30,-31.678974190726876
Bitterroot,1981-05-01,1981-05-31,24.362986236810684
Gallatin,1981-05-01,1981-05-31,56.49062864296138
Paradise Valley,1981-05-01,1981-05-31,56.49062864296138
Bitterroot,1981-06-01,1981-06-30,40.63367713987827
Gallatin,1981-06-01,1981-06-30,-50.16672685742378
Paradise Valley,1981-06-01,1981-06-30,-2.2543374095112085
Bitterroot,1981-07-01,1981-07-31,-113.82855094969273
Gallatin,1981-07-01,1981-07-31,-147.68603445589542
Paradise Valley,1981-07-01,1981-07-31,-135.19746148586273
Bitterroot,1981-08-01,1981-08-31,-133.16765210032463
Gallatin,1981-08-01,1981-08-31,-139.18253825604916
Paradise Valley,1981-08-01,1981-08-31,-130.60787680000067
Bitterroot,1981-09-01,1981-09-30,-50.888859033584595
Gallatin,1981-09-01,1981-09-30,-78.37133715488017
Paradise Valley,1981-09-01,1981-09-30,-78.37133715488017
Bitterroot,1981-10-01,1981-10-31,18.177152298390865
Gallatin,1981-10-01,1981-10-31,-5.316367454826832
Paradise Valley,1981-10-01,1981-10-31,5.385289780795574
Bitterroot,1981-11-01,1981-11-30,78.85729656368494
Gallatin,1981-11-01,1981-11-30,-8.441118225455284
Paradise Valley,1981-11-01,1981-11-30,22.796471741050482
Bitterroot,1981-12-01,1981-12-31,153.21138921380043
Gallatin,1981-12-01,1981-12-31,-9.505224354565144
Paradise Valley,1981-12-01,1981-12-31,70.98249455541372
Bitterroot,1982-01-01,1982-01-31,175.14036540780216
Gallatin,1982-01-01,1982-01-31,-11.550701804459095
Paradise Valley,1982-01-01,1982-01-31,75.73825884237885
Bitterroot,1982-02-01,1982-02-28,106.65231244266033
Gallatin,1982-02-01,1982-02-28,-22.884467855095863
Paradise Valley,1982-02-01,1982-02-28,17.4341279566288
Bitterroot,1982-03-01,1982-03-31,59.39427971094847
Gallatin,1982-03-01,1982-03-31,5.437251724302769
Paradise Valley,1982-03-01,1982-03-31,38.85861100256443
Bitterroot,1982-04-01,1982-04-30,37.229116436094046
Gallatin,1982-04-01,1982-04-30,-27.95307606458664
Paradise Valley,1982-04-01,1982-04-30,28.337276753038168
Bitterroot,1982-05-01,1982-05-31,-32.41904813051224
Gallatin,1982-05-01,1982-05-31,-35.8064621090889
Paradise Valley,1982-05-01,1982-05-31,-38.81549031287432
Bitterroot,1982-06-01,1982-06-30,-52.54442337155342
Gallatin,1982-06-01,1982-06-30,-35.70589257776737
Paradise Valley,1982-06-01,1982-06-30,-35.70589257776737
Bitterroot,1982-07-01,1982-07-31,-90.08152188546956
Gallatin,1982-07-01,1982-07-31,-126.2842015773058
Paradise Valley,1982-07-01,1982-07-31,-93.57944043725729
Bitterroot,1982-08-01,1982-08-31,-113.32894234033301
Gallatin,1982-08-01,1982-08-31,-127.08188824355602
Paradise Valley,1982-08-01,1982-08-31,-110.47440180182457
Bitterroot,1982-09-01,1982-09-30,-12.841350823640823
Gallatin,1982-09-01,1982-09-30,-20.744184367358685
Paradise Valley,1982-09-01,1982-09-30,-11.835208358243108
Bitterroot,1982-10-01,1982-10-31,32.522997945547104
Gallatin,1982-10-01,1982-10-31,-27.903523369226605
Paradise Valley,1982-10-01,1982-10-31,3.6668981672264636
Bitterroot,1982-11-01,1982-11-30,41.11248618364334
Gallatin,1982-11-01,1982-11-30,-17.847082301974297
Paradise Valley,1982-11-01,1982-11-30,5.329152904450893
Bitterroot,1982-12-01,1982-12-31,116.28388238698244
Gallatin,1982-12-01,1982-12-31,14.440521597862244
Paradise Valley,1982-12-01,1982-12-31,48.777167949825525
Bitterroot,1983-01-01,1983-01-31,99.58792054653168
Gallatin,1983-01-01,1983-01-31,-25.310790933668613
Paradise Valley,1983-01-01,1983-01-31,24.97427506558597
Bitterroot,1983-02-01,1983-02-28,61.65053250640631
Gallatin,1983-02-01,1983-02-28,-22.622809939086437
Paradise Valley,1983-02-01,1983-02-28,15.19643535465002
Bitterroot,1983-03-01,1983-03-31,49.25865812972188
Gallatin,1983-03-01,1983-03-31,-23.677397604100406
Paradise Valley,1983-03-01,1983-03-31,19.270236268639565
Bitterroot,1983-04-01,1983-04-30,-23.258055040147156
Gallatin,1983-04-01,1983-04-30,-44.03381624817848
Paradise Valley,1983-04-01,1983-04-30,-12.596274070441723
Bitterroot,1983-05-01,1983-05-31,-36.67035472393036
Gallatin,1983-05-01,1983-05-31,-64.42549550160766
Paradise Valley,1983-05-01,1983-05-31,-43.281896471977234
Bitterroot,1983-06-01,1983-06-30,-49.91248147934675
Gallatin,1983-06-01,1983-06-30,-48.23865989781916
Paradise Valley,1983-06-01,1983-06-30,-56.911415100097656
Bitterroot,1983-07-01,1983-07-31,-36.28892891481519
Gallatin,1983-07-01,1983-07-31,-101.36695023998618
Paradise Valley,1983-07-01,1983-07-31,-91.32223294163123
Bitterroot,1983-08-01,1983-08-31,-81.50409871619195
Gallatin,1983-08-01,1983-08-31,-98.42898941785097
Paradise Valley,1983-08-01,1983-08-31,-97.00060879811645
Bitterroot,1983-09-01,1983-09-30,-24.149156868457794
Gallatin,1983-09-01,1983-09-30,-38.25586139410734
Paradise Valley,1983-09-01,1983-09-30,-34.54062948329374
Bitterroot,1983-10-01,1983-10-31,12.116142272949219
Gallatin,1983-10-01,1983-10-31,-19.403034212999046
Paradise Valley,1983-10-01,1983-10-31,7.654205679893494
Bitterroot,1983-11-01,1983-11-30,108.00175042496994
Gallatin,1983-11-01,1983-11-30,17.491183227393776
Paradise Valley,1983-11-01,1983-11-30,70.11426635459065
Bitterroot,1983-12-01,1983-12-31,110.13556108996272
Gallatin,1983-12-01,1983-12-31,7.885816986206919
Paradise Valley,1983-12-01,1983-12-31,51.88997504115105
Bitterroot,1984-01-01,1984-01-31,100.18209916353226
Gallatin,1984-01-01,1984-01-31,-20.366624891757965
Paradise Valley,1984-01-01,1984-01-31,4.027645625174046
Bitterroot,1984-02-01,1984-02-29,61.625128127634525
Gallatin,1984-02-01,1984-02-29,-20.575883423909545
Paradise Valley,1984-02-01,1984-02-29,-0.4307893570512533
Bitterroot,1984-03-01,1984-03-31,90.23201516270638
Gallatin,1984-03-01,1984-03-31,-8.771077319514006
Paradise Valley,1984-03-01,1984-03-31,-1.9559442698955536
Bitterroot,1984-04-01,1984-04-30,24.73479352518916
Gallatin,1984-04-01,1984-04-30,-23.10302747786045
Paradise Valley,1984-04-01,1984-04-30,5.553201578557491
Bitterroot,1984-05-01,1984-05-31,43.427444249391556
Gallatin,1984-05-01,1984-05-31,-77.41675121337175
Paradise Valley,1984-05-01,1984-05-31,-1.914906533434987
Bitterroot,1984-06-01,1984-06-30,-26.455476492643356
Gallatin,1984-06-01,1984-06-30,-61.675031922757626
Paradise Valley,1984-06-01,1984-06-30,-61.675031922757626
Bitterroot,1984-07-01,1984-07-31,-147.32888434827328
Gallatin,1984-07-01,1984-07-31,-128.1915285140276
Paradise Valley,1984-07-01,1984-07-31,-114.79400469362736
Bitterroot,1984-08-01,1984-08-31,-101.20551317557693
Gallatin,1984-08-01,1984-08-31,-107.10917347855866
Paradise Valley,1984-08-01,1984-08-31,-93.01470273733139
Bitterroot,1984-09-01,1984-09-30,-11.757042825222015
Gallatin,1984-09-01,1984-09-30,-50.076363996602595
Paradise Valley,1984-09-01,1984-09-30,-23.938472386449575
Bitterroot,1984-10-01,1984-10-31,32.85910629341379
Gallatin,1984-10-01,1984-10-31,-17.204960610717535
Paradise Valley,1984-10-01,1984-10-31,3.639552503824234
Bitterroot,1984-11-01,1984-11-30,98.28346374258399
Gallatin,1984-11-01,1984-11-30,-15.551210853271186
Paradise Valley,1984-11-01,1984-11-30,23.94509118795395
Bitterroot,1984-12-01,1984-12-31,104.5564204454422
Gallatin,1984-12-01,1984-12-31,-15.621548168361187
Paradise Valley,1984-12-01,1984-12-31,19.84514768794179
Bitterroot,1985-01-01,1985-01-31,18.484783116728067
Gallatin,1985-01-01,1985-01-31,-8.686949342489243
Paradise Valley,1985-01-01,1985-01-31,-1.0107392892241478
Bitterroot,1985-02-01,1985-02-28,50.60296896100044
Gallatin,1985-02-01,1985-02-28,-22.529239292256534
Paradise Valley,1985-02-01,1985-02-28,15.467001397162676
Bitterroot,1985-03-01,1985-03-31,23.88796405494213
Gallatin,1985-03-01,1985-03-31,-14.94868357013911
Paradise Valley,1985-03-01,1985-03-31,3.169773967936635
Bitterroot,1985-04-01,1985-04-30,-16.379811257123947
Gallatin,1985-04-01,1985-04-30,-86.93419083673507
Paradise Valley,1985-04-01,1985-04-30,-56.4143700376153
Bitterroot,1985-05-01,1985-05-31,-30.763647127896547
Gallatin,1985-05-01,1985-05-31,-81.5705354809761
Paradise Valley,1985-05-01,1985-05-31,-64.45942297577858
Bitterroot,1985-06-01,1985-06-30,-110.46107582747936
Gallatin,1985-06-01,1985-06-30,-134.68987931869924
Paradise Valley,1985-06-01,1985-06-30,-106.19832855090499
Bitterroot,1985-07-01,1985-07-31,-187.58620417118073
Gallatin,1985-07-01,1985-07-31,-152.14353413227946
Paradise Valley,1985-07-01,1985-07-31,-108.12345673143864
Bitterroot,1985-08-01,1985-08-31,-18.785170532763004
Gallatin,1985-08-01,1985-08-31,-97.74474615603685
Paradise Valley,1985-08-01,1985-08-31,-97.74474615603685
Bitterroot,1985-09-01,1985-09-30,48.269421361386776
Gallatin,1985-09-01,1985-09-30,-10.289267465472221
Paradise Valley,1985-09-01,1985-09-30,2.7184279207140207
Bitterroot,1985-10-01,1985-10-31,22.08585124462843
Gallatin,1985-10-01,1985-10-31,-41.01434657908976
Paradise Valley,1985-10-01,1985-10-31,-13.543519457802176
Bitterroot,1985-11-01,1985-11-30,83.38298893719912
Gallatin,1985-11-01,1985-11-30,-2.3796213641762733
Paradise Valley,1985-11-01,1985-11-30,63.32684647291899
Bitterroot,1985-12-01,1985-12-31,14.389457151293755
Gallatin,1985-12-01,1985-12-31,-12.60084230452776
Paradise Valley,1985-12-01,1985-12-31,8.507832996547222
Bitterroot,1986-01-01,1986-01-31,81.82424410618842
Gallatin,1986-01-01,1986-01-31,-23.294518534094095
Paradise Valley,1986-01-01,1986-01-31,18.542086070403457
Bitterroot,1986-02-01,1986-02-28,175.04143196344376
Gallatin,1986-02-01,1986-02-28,-6.920613145455718
Paradise Valley,1986-02-01,1986-02-28,137.46185355400667
Bitterroot,1986-03-01,1986-03-31,15.536099536344409
Gallatin,1986-03-01,1986-03-31,-50.200858395546675
Paradise Valley,1986-03-01,1986-03-31,-15.604110280051827
Bitterroot,1986-04-01,1986-04-30,16.407842934131622
Gallatin,1986-04-01,1986-04-30,-26.307455375790596
Paradise Valley,1986-04-01,1986-04-30,21.13517920905724
Bitterroot,1986-05-01,1986-05-31,-18.573976546525955
Gallatin,1986-05-01,1986-05-31,-68.05349463224411
Paradise Valley,1986-05-01,1986-05-31,-68.05349463224411
Bitterroot,1986-06-01,1986-06-30,-95.46302181109786
Gallatin,1986-06-01,1986-06-30,-86.63232978619635
Paradise Valley,1986-06-01,1986-06-30,-87.09964312706143
Bitterroot,1986-07-01,1986-07-31,-87.51894613355398
Gallatin,1986-07-01,1986-07-31,-111.08169782161713
Paradise Valley,1986-07-01,1986-07-31,-78.2278570085764
Bitterroot,1986-08-01,1986-08-31,-110.96395936980844
Gallatin,1986-08-01,1986-08-31,-106.32210136204958
Paradise Valley,1986-08-01,1986-08-31,-98.43103930354118
Bitterroot,1986-09-01,1986-09-30,11.04387079924345
Gallatin,1986-09-01,1986-09-30,-28.731558775529265
Paradise Valley,1986-09-01,1986-09-30,-2.312329053878784
Bitterroot,1986-10-01,1986-10-31,-15.616354871541262
Gallatin,1986-10-01,1986-10-31,-41.88503400422633
Paradise Valley,1986-10-01,1986-10-31,-29.993384033441544
Bitterroot,1986-11-01,1986-11-30,114.60111951595172
Gallatin,1986-11-01,1986-11-30,-2.9414046984165907
Paradise Valley,1986-11-01,1986-11-30,66.9441136866808
Bitterroot,1986-12-01,1986-12-31,15.925118427723646
Gallatin,1986-12-01,1986-12-31,-13.15156838297844
Paradise Valley,1986-12-01,1986-12-31,-13.15156838297844
Bitterroot,1987-01-01,1987-01-31,56.927508318796754
Gallatin,1987-01-01,1987-01-31,-15.01954787131399
Paradise Valley,1987-01-01,1987-01-31,12.855160519480705
Bitterroot,1987-02-01,1987-02-28,23.868285700678825
Gallatin,1987-02-01,1987-02-28,-19.860263501293957
Paradise Valley,1987-02-01,1987-02-28,10.993843644857407
Bitterroot,1987-03-01,1987-03-31,22.39023598842323
Gallatin,1987-03-01,1987-03-31,-39.11577239446342
Paradise Valley,1987-03-01,1987-03-31,-3.7976180762052536
Bitterroot,1987-04-01,1987-04-30,-56.83451642561704
Gallatin,1987-04-01,1987-04-30,-99.73049420723692
Paradise Valley,1987-04-01,1987-04-30,-78.98319420218468
Bitterroot,1987-05-01,1987-05-31,-40.40765857696533
Gallatin,1987-05-01,1987-05-31,-15.069084508344531
Paradise Valley,1987-05-01,1987-05-31,-12.823719652369618
Bitterroot,1987-06-01,1987-06-30,-91.04465125873685
Gallatin,1987-06-01,1987-06-30,-113.59130657091737
Paradise Valley,1987-06-01,1987-06-30,-100.15478890761733
Bitterroot,1987-07-01,1987-07-31,-73.19043390080333
Gallatin,1987-07-01,1987-07-31,-46.45987589657307
Paradise Valley,1987-07-01,1987-07-31,-44.710388004779816
Bitterroot,1987-08-01,1987-08-31,-103.61597641184926
Gallatin,1987-08-01,1987-08-31,-80.12581982463598
Paradise Valley,1987-08-01,1987-08-31,-84.63910294463858
Bitterroot,1987-09-01,1987-09-30,-99.86729729175568
Gallatin,1987-09-01,1987-09-30,-91.01652234047651
Paradise Valley,1987-09-01,1987-09-30,-91.01652234047651
Bitterroot,1987-10-01,1987-10-31,-73.83174406737089
Gallatin,1987-10-01,1987-10-31,-74.21023947000504
Paradise Valley,1987-10-01,1987-10-31,-66.24252757430077
Bitterroot,1987-11-01,1987-11-30,34.50003197416663
Gallatin,1987-11-01,1987-11-30,-15.586040668655187
Paradise Valley,1987-11-01,1987-11-30,11.55540007725358
Bitterroot,1987-12-01,1987-12-31,93.69246515631676
Gallatin,1987-12-01,1987-12-31,-5.949431796558201
Paradise Valley,1987-12-01,1987-12-31,44.6956494692713
Bitterroot,1988-01-01,1988-01-31,90.86181942373514
Gallatin,1988-01-01,1988-01-31,-13.432904860470444
Paradise Valley,1988-01-01,1988-01-31,27.564168363809586
Bitterroot,1988-02-01,1988-02-29,77.57394143939018
Gallatin,1988-02-01,1988-02-29,-31.548132905736566
Paradise Valley,1988-02-01,1988-02-29,22.126806722953916
Bitterroot,1988-03-01,1988-03-31,59.01780281215906
Gallatin,1988-03-01,1988-03-31,-18.94587693735957
Paradise Valley,1988-03-01,1988-03-31,3.486851178109646
Bitterroot,1988-04-01,1988-04-30,20.75446394085884
Gallatin,1988-04-01,1988-04-30,-46.559334706515074
Paradise Valley,1988-04-01,1988-04-30,9.913384675979614
Bitterroot,1988-05-01,1988-05-31,-16.325883427634835
Gallatin,1988-05-01,1988-05-31,-46.42738392204046
Paradise Valley,1988-05-01,1988-05-31,-46.42738392204046
Bitterroot,1988-06-01,1988-06-30,-84.62494236044586
Gallatin,1988-06-01,1988-06-30,-145.44581583607942
Paradise Valley,1988-06-01,1988-06-30,-147.5373462252319
Bitterroot,1988-07-01,1988-07-31,-155.03345519304276
Gallatin,1988-07-01,1988-07-31,-184.70375941228122
Paradise Valley,1988-07-01,1988-07-31,-177.77213686704636
Bitterroot,1988-08-01,1988-08-31,-143.49006210267544
Gallatin,1988-08-01,1988-08-31,-157.48696692287922
Paradise Valley,1988-08-01,1988-08-31,-154.24997197836637
Bitterroot,1988-09-01,1988-09-30,-59.94484800286591
Gallatin,1988-09-01,1988-09-30,-66.3067975640297
Paradise Valley,1988-09-01,1988-09-30,-77.40231434814632
Bitterroot,1988-10-01,1988-10-31,-18.101649187505245
Gallatin,1988-10-01,1988-10-31,-59.765675745904446
Paradise Valley,1988-10-01,1988-10-31,-59.765675745904446
Bitterroot,1988-11-01,1988-11-30,153.85258676856756
Gallatin,1988-11-01,1988-11-30,-1.302669983357191
Paradise Valley,1988-11-01,1988-11-30,83.52330762147903
Bitterroot,1988-12-01,1988-12-31,56.742759567685425
Gallatin,1988-12-01,1988-12-31,-6.782632386311889
Paradise Valley,1988-12-01,1988-12-31,0.12963326275348663
Bitterroot,1989-01-01,1989-01-31,124.00672022253275
Gallatin,1989-01-01,1989-01-31,2.7076062336564064
Paradise Valley,1989-01-01,1989-01-31,20.752826247364283
Bitterroot,1989-02-01,1989-02-28,26.954248521476984
Gallatin,1989-02-01,1989-02-28,-6.659179255366325
Paradise Valley,1989-02-01,1989-02-28,26.298782500438392
Bitterroot,1989-03-01,1989-03-31,82.97058016993105
Gallatin,1989-03-01,1989-03-31,-9.250716295093298
Paradise Valley,1989-03-01,1989-03-31,61.55365635454655
Bitterroot,1989-04-01,1989-04-30,-11.823717776685953
Gallatin,1989-04-01,1989-04-30,-39.52580872178078
Paradise Valley,1989-04-01,1989-04-30,-21.447694409638643
Bitterroot,1989-05-01,1989-05-31,5.158009395003319
Gallatin,1989-05-01,1989-05-31,-37.84506506100297
Paradise Valley,1989-05-01,1989-05-31,-37.79972012434155
Bitterroot,1989-06-01,1989-06-30,-71.87389361858368
Gallatin,1989-06-01,1989-06-30,-98.24016290158033
Paradise Valley,1989-06-01,1989-06-30,-83.30441845953465
Bitterroot,1989-07-01,1989-07-31,-137.65264858305454
Gallatin,1989-07-01,1989-07-31,-154.03606349229813
Paradise Valley,1989-07-01,1989-07-31,-145.941612534225
Bitterroot,1989-08-01,1989-08-31,-29.84767686575651
Gallatin,1989-08-01,1989-08-31,-93.22844767011702
Paradise Valley,1989-08-01,1989-08-31,-81.66674318164587
Bitterroot,1989-09-01,1989-09-30,-71.15287482738495
Gallatin,1989-09-01,1989-09-30,-86.21739692986012
Paradise Valley,1989-09-01,1989-09-30,-70.94325363636017
Bitterroot,1989-10-01,1989-10-31,-7.986568376421928
Gallatin,1989-10-01,1989-10-31,0.9376985616981983
Paradise Valley,1989-10-01,1989-10-31,10.330550478771329
Bitterroot,1989-11-01,1989-11-30,105.08029580069706
Gallatin,1989-11-01,1989-11-30,-32.61278336402029
Paradise Valley,1989-11-01,1989-11-30,38.13503983616829
Bitterroot,1989-12-01,1989-12-31,54.25872348994017
Gallatin,1989-12-01,1989-12-31,-3.209699465893209
Paradise Valley,1989-12-01,1989-12-31,44.05181687511504
Bitterroot,1990-01-01,1990-01-31,134.0060602426529
Gallatin,1990-01-01,1990-01-31,-8.64430452696979
Paradise Valley,1990-01-01,1990-01-31,39.48240103200078
Bitterroot,1990-02-01,1990-02-28,75.86666095256805
Gallatin,1990-02-01,1990-02-28,-29.994630597531796
Paradise Valley,1990-02-01,1990-02-28,8.894570223987103
Bitterroot,1990-03-01,1990-03-31,3.999977558851242
Gallatin,1990-03-01,1990-03-31,-12.186266995966434
Paradise Valley,1990-03-01,1990-03-31,-12.186266995966434
Bitterroot,1990-04-01,1990-04-30,15.921616826206446
Gallatin,1990-04-01,1990-04-30,-38.536700181663036
Paradise Valley,1990-04-01,1990-04-30,-3.405877330340445
Bitterroot,1990-05-01,1990-05-31,30.628922298550606
Gallatin,1990-05-01,1990-05-31,-37.01803476177156
Paradise Valley,1990-05-01,1990-05-31,-14.921031817793846
Bitterroot,1990-06-01,1990-06-30,-79.10080470703542
Gallatin,1990-06-01,1990-06-30,-100.72860888764262
Paradise Valley,1990-06-01,1990-06-30,-93.76033777929842
Bitterroot,1990-07-01,1990-07-31,-124.22062480449677
Gallatin,1990-07-01,1990-07-31,-139.39292632043362
Paradise Valley,1990-07-01,1990-07-31,-119.65792850218713
Bitterroot,1990-08-01,1990-08-31,-67.63028014451265
Gallatin,1990-08-01,1990-08-31,-95.87665362656116
Paradise Valley,1990-08-01,1990-08-31,-97.03179587610066
Bitterroot,1990-09-01,1990-09-30,-99.34417119715363
Gallatin,1990-09-01,1990-09-30,-104.1257835328579
Paradise Valley,1990-09-01,1990-09-30,-77.02703693509102
Bitterroot,1990-10-01,1990-10-31,62.07399060204625
Gallatin,1990-10-01,1990-10-31,-52.374968249350786
Paradise Valley,1990-10-01,1990-10-31,18.081076295115054
Bitterroot,1990-11-01,1990-11-30,98.2992813885212
Gallatin,1990-11-01,1990-11-30,-18.453989129513502
Paradise Valley,1990-11-01,1990-11-30,31.886906776577234
Bitterroot,1990-12-01,1990-12-31,60.78306555002928
Gallatin,1990-12-01,1990-12-31,-7.937552081421018
Paradise Valley,1990-12-01,1990-12-31,28.594402551651
Bitterroot,1991-01-01,1991-01-31,71.24458539485931
Gallatin,1991-01-01,1991-01-31,-16.63347782380879
Paradise Valley,1991-01-01,1991-01-31,12.882498882710934
Bitterroot,1991-02-01,1991-02-28,17.425139099359512
Gallatin,1991-02-01,1991-02-28,-33.20858536660671
Paradise Valley,1991-02-01,1991-02-28,-4.074562415480614
Bitterroot,1991-03-01,1991-03-31,41.16752831451595
Gallatin,1991-03-01,1991-03-31,-11.24620375270024
Paradise Valley,1991-03-01,1991-03-31,39.929937180131674
Bitterroot,1991-04-01,1991-04-30,33.025976662989706
Gallatin,1991-04-01,1991-04-30,-5.881121136248112
Paradise Valley,1991-04-01,1991-04-30,29.92430217564106
Bitterroot,1991-05-01,1991-05-31,1.1256126910448074
Gallatin,1991-05-01,1991-05-31,-5.345732234418392
Paradise Valley,1991-05-01,1991-05-31,32.09470685571432
Bitterroot,1991-06-01,1991-06-30,-27.216367669403553
Gallatin,1991-06-01,1991-06-30,-85.02659655921161
Paradise Valley,1991-06-01,1991-06-30,-97.70690727606416
Bitterroot,1991-07-01,1991-07-31,-156.60819479823112
Gallatin,1991-07-01,1991-07-31,-179.0924923028797
Paradise Valley,1991-07-01,1991-07-31,-150.75634505832568
Bitterroot,1991-08-01,1991-08-31,-120.58599271439016
Gallatin,1991-08-01,1991-08-31,-134.2740053012967
Paradise Valley,1991-08-01,1991-08-31,-114.33653073012829
Bitterroot,1991-09-01,1991-09-30,-71.75042545050383
Gallatin,1991-09-01,1991-09-30,-49.92778989672661
Paradise Valley,1991-09-01,1991-09-30,-27.122491523623466
Bitterroot,1991-10-01,1991-10-31,-27.995665333233774
Gallatin,1991-10-01,1991-10-31,-47.339466609060764
Paradise Valley,1991-10-01,1991-10-31,-15.174991250038147
Bitterroot,1991-11-01,1991-11-30,168.7726932093501
Gallatin,1991-11-01,1991-11-30,6.790174367371947
Paradise Valley,1991-11-01,1991-11-30,74.02634202083573
Bitterroot,1991-12-01,1991-12-31,85.07779336720705
Gallatin,1991-12-01,1991-12-31,-19.131070647388697
Paradise Valley,1991-12-01,1991-12-31,20.935991413891315
Bitterroot,1992-01-01,1992-01-31,37.33664198219776
Gallatin,1992-01-01,1992-01-31,-21.74979519844055
Paradise Valley,1992-01-01,1992-01-31,-12.982967326417565
Bitterroot,1992-02-01,1992-02-29,21.248029495123774
Gallatin,1992-02-01,1992-02-29,-28.366750717163086
Paradise Valley,1992-02-01,1992-02-29,-1.8151702284812927
Bitterroot,1992-03-01,1992-03-31,-21.179685935378075
Gallatin,1992-03-01,1992-03-31,-45.34079945832491
Paradise Valley,1992-03-01,1992-03-31,-23.233019941020757
Bitterroot,1992-04-01,1992-04-30,27.90048159658909
Gallatin,1992-04-01,1992-04-30,-39.02961443923414
Paradise Valley,1992-04-01,1992-04-30,6.048525631427765
Bitterroot,1992-05-01,1992-05-31,-92.26537937112153
Gallatin,1992-05-01,1992-05-31,-80.64343923516572
Paradise Valley,1992-05-01,1992-05-31,-78.61668316274881
Bitterroot,1992-06-01,1992-06-30,-65.03477850742638
Gallatin,1992-06-01,1992-06-30,-28.29548889398575
Paradise Valley,1992-06-01,1992-06-30,-16.805633733049035
Bitterroot,1992-07-01,1992-07-31,-63.75273529998958
Gallatin,1992-07-01,1992-07-31,-104.77610922185704
Paradise Valley,1992-07-01,1992-07-31,-84.05043064849451
Bitterroot,1992-08-01,1992-08-31,-103.29107093811035
Gallatin,1992-08-01,1992-08-31,-132.09330473840237
Paradise Valley,1992-08-01,1992-08-31,-130.8155162781477
Bitterroot,1992-09-01,1992-09-30,-21.426776811480522
Gallatin,1992-09-01,1992-09-30,-73.75137042021379
Paradise Valley,1992-09-01,1992-09-30,-48.29347714781761
Bitterroot,1992-10-01,1992-10-31,-7.002666873857379
Gallatin,1992-10-01,1992-10-31,-24.924379035830498
Paradise Valley,1992-10-01,1992-10-31,-12.51568478345871
Bitterroot,1992-11-01,1992-11-30,86.78303771000355
Gallatin,1992-11-01,1992-11-30,0.836776003241539
Paradise Valley,1992-11-01,1992-11-30,26.544711699709296
Bitterroot,1992-12-01,1992-12-31,110.64889261778444
Gallatin,1992-12-01,1992-12-31,-3.4236095435917377
Paradise Valley,1992-12-01,1992-12-31,59.273413613438606
Bitterroot,1993-01-01,1993-01-31,56.751422906294465
Gallatin,1993-01-01,1993-01-31,-6.2271668612957
Paradise Valley,1993-01-01,1993-01-31,11.403604442253709
Bitterroot,1993-02-01,1993-02-28,23.33357009291649
Gallatin,1993-02-01,1993-02-28,-6.195440873969346
Paradise Valley,1993-02-01,1993-02-28,9.528106115758419
Bitterroot,1993-03-01,1993-03-31,29.584791522473097
Gallatin,1993-03-01,1993-03-31,-41.855834528803825
Paradise Valley,1993-03-01,1993-03-31,-5.854810645338148
Bitterroot,1993-04-01,1993-04-30,54.85946677625179
Gallatin,1993-04-01,1993-04-30,-7.843612362630665
Paradise Valley,1993-04-01,1993-04-30,48.893702536821365
Bitterroot,1993-05-01,1993-05-31,-53.250138549134135
Gallatin,1993-05-01,1993-05-31,-48.06951244175434
Paradise Valley,1993-05-01,1993-05-31,-33.74228314124048
Bitterroot,1993-06-01,1993-06-30,25.655344545841217
Gallatin,1993-06-01,1993-06-30,-20.768379639834166
Paradise Valley,1993-06-01,1993-06-30,-8.451379120349884
Bitterroot,1993-07-01,1993-07-31,-21.871513668447733
Gallatin,1993-07-01,1993-07-31,-10.48742100596428
Paradise Valley,1993-07-01,1993-07-31,-32.81385740637779
Bitterroot,1993-08-01,1993-08-31,-50.11269298475236
Gallatin,1993-08-01,1993-08-31,-57.72413182258606
Paradise Valley,1993-08-01,1993-08-31,-76.83530980348587
Bitterroot,1993-09-01,1993-09-30,-72.41792164742947
Gallatin,1993-09-01,1993-09-30,-80.0121549256146
Paradise Valley,1993-09-01,1993-09-30,-80.0121549256146
Bitterroot,1993-10-01,1993-10-31,6.549511551856995
Gallatin,1993-10-01,1993-10-31,-30.05928187817335
Paradise Valley,1993-10-01,1993-10-31,-4.484657317399979
Bitterroot,1993-11-01,1993-11-30,13.823083154857159
Gallatin,1993-11-01,1993-11-30,-20.922884810715914
Paradise Valley,1993-11-01,1993-11-30,2.7279906049370766
Bitterroot,1993-12-01,1993-12-31,41.13416173681617
Gallatin,1993-12-01,1993-12-31,-13.143371094018221
Paradise Valley,1993-12-01,1993-12-31,8.837967187166214
Bitterroot,1994-01-01,1994-01-31,87.3453042153269
Gallatin,1994-01-01,1994-01-31,-20.73157136142254
Paradise Valley,1994-01-01,1994-01-31,33.18379157781601
Bitterroot,1994-02-01,1994-02-28,69.6636707894504
Gallatin,1994-02-01,1994-02-28,-19.126604296267033
Paradise Valley,1994-02-01,1994-02-28,44.2230269908905
Bitterroot,1994-03-01,1994-03-31,-7.637957580387592
Gallatin,1994-03-01,1994-03-31,-56.49785339087248
Paradise Valley,1994-03-01,1994-03-31,-24.08256885409355
Bitterroot,1994-04-01,1994-04-30,2.331849018111825
Gallatin,1994-04-01,1994-04-30,-41.94343237578869
Paradise Valley,1994-04-01,1994-04-30,-28.329136487096548
Bitterroot,1994-05-01,1994-05-31,-40.552964955568314
Gallatin,1994-05-01,1994-05-31,-88.11607822589576
Paradise Valley,1994-05-01,1994-05-31,-66.38506016135216
Bitterroot,1994-06-01,1994-06-30,-60.71057399455458
Gallatin,1994-06-01,1994-06-30,-81.2886911937967
Paradise Valley,1994-06-01,1994-06-30,-77.00113770365715
Bitterroot,1994-07-01,1994-07-31,-131.18930008634925
Gallatin,1994-07-01,1994-07-31,-124.40365752670914
Paradise Valley,1994-07-01,1994-07-31,-124.40365752670914
Bitterroot,1994-08-01,1994-08-31,-141.44299947749823
Gallatin,1994-08-01,1994-08-31,-151.42705441266298
Paradise Valley,1994-08-01,1994-08-31,-142.66445660591125
Bitterroot,1994-09-01,1994-09-30,-88.28580955788493
Gallatin,1994-09-01,1994-09-30,-111.91658357298002
Paradise Valley,1994-09-01,1994-09-30,-99.45077496767044
Bitterroot,1994-10-01,1994-10-31,44.095833195373416
Gallatin,1994-10-01,1994-10-31,11.193167701363564
Paradise Valley,1994-10-01,1994-10-31,29.560129007324576
Bitterroot,1994-11-01,1994-11-30,108.35599208623171
Gallatin,1994-11-01,1994-11-30,2.2801271453499794
Paradise Valley,1994-11-01,1994-11-30,45.91990527883172
Bitterroot,1994-12-01,1994-12-31,69.41365120466799
Gallatin,1994-12-01,1994-12-31,-0.2929290421307087
Paradise Valley,1994-12-01,1994-12-31,42.23690213449299
Bitterroot,1995-01-01,1995-01-31,43.63419851101935
Gallatin,1995-01-01,1995-01-31,11.525974690914154
Paradise Valley,1995-01-01,1995-01-31,33.16031062602997
Bitterroot,1995-02-01,1995-02-28,62.1218386143446
Gallatin,1995-02-01,1995-02-28,-26.31489973515272
Paradise Valley,1995-02-01,1995-02-28,19.266926001757383
Bitterroot,1995-03-01,1995-03-31,53.752893041819334
Gallatin,1995-03-01,1995-03-31,1.1285633444786072
Paradise Valley,1995-03-01,1995-03-31,32.38319508777931
Bitterroot,1995-04-01,1995-04-30,31.29138075374067
Gallatin,1995-04-01,1995-04-30,4.069882799871266
Paradise Valley,1995-04-01,1995-04-30,27.274415392428637
Bitterroot,1995-05-01,1995-05-31,-26.62548996694386
Gallatin,1995-05-01,1995-05-31,-32.096232648938894
Paradise Valley,1995-05-01,1995-05-31,-33.14566193521023
Bitterroot,1995-06-01,1995-06-30,-18.089232623577118
Gallatin,1995-06-01,1995-06-30,-51.602161621674895
Paradise Valley,1995-06-01,1995-06-30,-40.23887757025659
Bitterroot,1995-07-01,1995-07-31,-61.275354706682265
Gallatin,1995-07-01,1995-07-31,-100.57283597625792
Paradise Valley,1995-07-01,1995-07-31,-90.24617107026279
Bitterroot,1995-08-01,1995-08-31,-90.54663146752864
Gallatin,1995-08-01,1995-08-31,-108.70007079839706
Paradise Valley,1995-08-01,1995-08-31,-103.667873095721
Bitterroot,1995-09-01,1995-09-30,-15.2882209867239
Gallatin,1995-09-01,1995-09-30,-59.83287587761879
Paradise Valley,1995-09-01,1995-09-30,-61.72624917700887
Bitterroot,1995-10-01,1995-10-31,60.775660924613476
Gallatin,1995-10-01,1995-10-31,-4.9849425526335835
Paradise Valley,1995-10-01,1995-10-31,7.484860807657242
Bitterroot,1995-11-01,1995-11-30,217.35469543840736
Gallatin,1995-11-01,1995-11-30,-17.577218376100063
Paradise Valley,1995-11-01,1995-11-30,105.43727656453848
Bitterroot,1995-12-01,1995-12-31,88.33379063755274
Gallatin,1995-12-01,1995-12-31,-16.34191454341635
Paradise Valley,1995-12-01,1995-12-31,22.993165642023087
Bitterroot,1996-01-01,1996-01-31,148.09801602363586
Gallatin,1996-01-01,1996-01-31,-1.1192975589074194
Paradise Valley,1996-01-01,1996-01-31,60.77933777868748
Bitterroot,1996-02-01,1996-02-29,134.10144551470876
Gallatin,1996-02-01,1996-02-29,-14.097421435639262
Paradise Valley,1996-02-01,1996-02-29,40.09286047518253
Bitterroot,1996-03-01,1996-03-31,5.675512479618192
Gallatin,1996-03-01,1996-03-31,-14.779855811037123
Paradise Valley,1996-03-01,1996-03-31,34.8398931697011
Bitterroot,1996-04-01,1996-04-30,58.36298072338104
Gallatin,1996-04-01,1996-04-30,-41.705448881257325
Paradise Valley,1996-04-01,1996-04-30,3.1590040177106857
Bitterroot,1996-05-01,1996-05-31,45.605565667152405
Gallatin,1996-05-01,1996-05-31,24.75466975569725
Paradise Valley,1996-05-01,1996-05-31,53.2943004462868
Bitterroot,1996-06-01,1996-06-30,-89.12668967247009
Gallatin,1996-06-01,1996-06-30,-124.57002767920494
Paradise Valley,1996-06-01,1996-06-30,-119.17347673512995
Bitterroot,1996-07-01,1996-07-31,-157.33163028210402
Gallatin,1996-07-01,1996-07-31,-166.58556304080412
Paradise Valley,1996-07-01,1996-07-31,-139.00719896703959
Bitterroot,1996-08-01,1996-08-31,-104.23283079033718
Gallatin,1996-08-01,1996-08-31,-139.30173690244555
Paradise Valley,1996-08-01,1996-08-31,-127.27645314112306
Bitterroot,1996-09-01,1996-09-30,-30.558389842510223
Gallatin,1996-09-01,1996-09-30,-69.5017431601882
Paradise Valley,1996-09-01,1996-09-30,-47.4064282476902
Bitterroot,1996-10-01,1996-10-31,23.88529634848237
Gallatin,1996-10-01,1996-10-31,-27.81008285097778
Paradise Valley,1996-10-01,1996-10-31,-8.270618971437216
Bitterroot,1996-11-01,1996-11-30,100.85968350991607
Gallatin,1996-11-01,1996-11-30,4.662077576853335
Paradise Valley,1996-11-01,1996-11-30,68.87888777256012
Bitterroot,1996-12-01,1996-12-31,207.43485937267542
Gallatin,1996-12-01,1996-12-31,3.4070964474231005
Paradise Valley,1996-12-01,1996-12-31,147.67294047772884
Bitterroot,1997-01-01,1997-01-31,124.02119726594537
Gallatin,1997-01-01,1997-01-31,13.23379074037075
Paradise Valley,1997-01-01,1997-01-31,57.47318301582709
Bitterroot,1997-02-01,1997-02-28,73.83908520638943
Gallatin,1997-02-01,1997-02-28,-9.064061908051372
Paradise Valley,1997-02-01,1997-02-28,31.23449486680329
Bitterroot,1997-03-01,1997-03-31,79.42517426237464
Gallatin,1997-03-01,1997-03-31,-38.69369500782341
Paradise Valley,1997-03-01,1997-03-31,-6.447995536029339
Bitterroot,1997-04-01,1997-04-30,33.298498671967536
Gallatin,1997-04-01,1997-04-30,-26.849364161491394
Paradise Valley,1997-04-01,1997-04-30,18.68329855753109
Bitterroot,1997-05-01,1997-05-31,-47.00791401928291
Gallatin,1997-05-01,1997-05-31,-58.12839991226792
Paradise Valley,1997-05-01,1997-05-31,-49.22481060773134
Bitterroot,1997-06-01,1997-06-30,-29.16859393566847
Gallatin,1997-06-01,1997-06-30,-25.13313885219395
Paradise Valley,1997-06-01,1997-06-30,-30.86664827540517
Bitterroot,1997-07-01,1997-07-31,-72.46897500148043
Gallatin,1997-07-01,1997-07-31,-70.9231942743063
Paradise Valley,1997-07-01,1997-07-31,-70.9231942743063
Bitterroot,1997-08-01,1997-08-31,-93.6564894807525
Gallatin,1997-08-01,1997-08-31,-76.67431838065386
Paradise Valley,1997-08-01,1997-08-31,-69.98619811236858
Bitterroot,1997-09-01,1997-09-30,-33.14069681428373
Gallatin,1997-09-01,1997-09-30,-54.33456913055852
Paradise Valley,1997-09-01,1997-09-30,-24.7149207405746
Bitterroot,1997-10-01,1997-10-31,58.574819933623075
Gallatin,1997-10-01,1997-10-31,-14.986489865928888
Paradise Valley,1997-10-01,1997-10-31,13.810778521001339
Bitterroot,1997-11-01,1997-11-30,58.11204056860879
Gallatin,1997-11-01,1997-11-30,-12.894037093501538
Paradise Valley,1997-11-01,1997-11-30,11.831969494465739
Bitterroot,1997-12-01,1997-12-31,54.40700024366379
Gallatin,1997-12-01,1997-12-31,-5.039421262219548
Paradise Valley,1997-12-01,1997-12-31,17.86970542417839
Bitterroot,1998-01-01,1998-01-31,110.93945841863751
Gallatin,1998-01-01,1998-01-31,5.54909997433424
Paradise Valley,1998-01-01,1998-01-31,59.60706893354654
Bitterroot,1998-02-01,1998-02-28,25.251880645751953
Gallatin,1998-02-01,1998-02-28,-14.419210305437446
Paradise Valley,1998-02-01,1998-02-28,-8.357012923806906
Bitterroot,1998-03-01,1998-03-31,25.27356697805226
Gallatin,1998-03-01,1998-03-31,-13.948688821867108
Paradise Valley,1998-03-01,1998-03-31,10.268153429031372
Bitterroot,1998-04-01,1998-04-30,6.700485790148377
Gallatin,1998-04-01,1998-04-30,-35.10158899240196
Paradise Valley,1998-04-01,1998-04-30,-31.402579188346863
Bitterroot,1998-05-01,1998-05-31,8.638501390814781
Gallatin,1998-05-01,1998-05-31,-74.14836295507848
Paradise Valley,1998-05-01,1998-05-31,-69.6125987302512
Bitterroot,1998-06-01,1998-06-30,31.71994649991393
Gallatin,1998-06-01,1998-06-30,22.147061198949814
Paradise Valley,1998-06-01,1998-06-30,34.26232100278139
Bitterroot,1998-07-01,1998-07-31,-94.35970550775528
Gallatin,1998-07-01,1998-07-31,-135.6323736445047
Paradise Valley,1998-07-01,1998-07-31,-131.72900180891156
Bitterroot,1998-08-01,1998-08-31,-133.33731883764267
Gallatin,1998-08-01,1998-08-31,-125.5628436836414
Paradise Valley,1998-08-01,1998-08-31,-106.0817153826356
Bitterroot,1998-09-01,1998-09-30,-36.861081663519144
Gallatin,1998-09-01,1998-09-30,-76.85764357633889
Paradise Valley,1998-09-01,1998-09-30,-41.65874131023884
Bitterroot,1998-10-01,1998-10-31,-14.332089671865106
Gallatin,1998-10-01,1998-10-31,-26.954655507113785
Paradise Valley,1998-10-01,1998-10-31,-23.369659321382642
Bitterroot,1998-11-01,1998-11-30,134.94624869525433
Gallatin,1998-11-01,1998-11-30,-10.166209063492715
Paradise Valley,1998-11-01,1998-11-30,58.709638733416796
Bitterroot,1998-12-01,1998-12-31,143.02779084444046
Gallatin,1998-12-01,1998-12-31,-2.590771444607526
Paradise Valley,1998-12-01,1998-12-31,51.35838554240763
Bitterroot,1999-01-01,1999-01-31,107.21923648193479
Gallatin,1999-01-01,1999-01-31,-8.026116581633687
Paradise Valley,1999-01-01,1999-01-31,57.4701203815639
Bitterroot,1999-02-01,1999-02-28,100.65168014541268
Gallatin,1999-02-01,1999-02-28,-16.857050262391567
Paradise Valley,1999-02-01,1999-02-28,36.22734031826258
Bitterroot,1999-03-01,1999-03-31,18.81300363317132
Gallatin,1999-03-01,1999-03-31,-45.53147155791521
Paradise Valley,1999-03-01,1999-03-31,-30.27986566722393
Bitterroot,1999-04-01,1999-04-30,-35.484090577811
Gallatin,1999-04-01,1999-04-30,-48.3542229346931
Paradise Valley,1999-04-01,1999-04-30,-6.440818357747048
Bitterroot,1999-05-01,1999-05-31,-35.549553172662854
Gallatin,1999-05-01,1999-05-31,-28.899440675973892
Paradise Valley,1999-05-01,1999-05-31,-28.899440675973892
Bitterroot,1999-06-01,1999-06-30,-37.495321944355965
Gallatin,1999-06-01,1999-06-30,-69.72356417262927
Paradise Valley,1999-06-01,1999-06-30,-51.19781140610576
Bitterroot,1999-07-01,1999-07-31,-148.0940833464265
Gallatin,1999-07-01,1999-07-31,-175.76828676182777
Paradise Valley,1999-07-01,1999-07-31,-150.36400414817035
Bitterroot,1999-08-01,1999-08-31,-79.55488531664014
Gallatin,1999-08-01,1999-08-31,-82.60657426249236
Paradise Valley,1999-08-01,1999-08-31,-73.4779676515609
Bitterroot,1999-09-01,1999-09-30,-80.37827991321683
Gallatin,1999-09-01,1999-09-30,-85.13208537688479
Paradise Valley,1999-09-01,1999-09-30,-68.4555153734982
Bitterroot,1999-10-01,1999-10-31,-26.771890719421208
Gallatin,1999-10-01,1999-10-31,-66.52954467246309
Paradise Valley,1999-10-01,1999-10-31,-62.23086667293683
Bitterroot,1999-11-01,1999-11-30,78.85373322851956
Gallatin,1999-11-01,1999-11-30,-46.36698739975691
Paradise Valley,1999-11-01,1999-11-30,2.5184259489178658
Bitterroot,1999-12-01,1999-12-31,116.11072294414043
Gallatin,1999-12-01,1999-12-31,-4.81798792630434
Paradise Valley,1999-12-01,1999-12-31,33.14019066095352
Bitterroot,2000-01-01,2000-01-31,103.51940952241421
Gallatin,2000-01-01,2000-01-31,-9.35671606939286
Paradise Valley,2000-01-01,2000-01-31,36.82975819893181
Bitterroot,2000-02-01,2000-02-29,56.7059978954494
Gallatin,2000-02-01,2000-02-29,-23.89433113578707
Paradise Valley,2000-02-01,2000-02-29,27.602276995778084
Bitterroot,2000-03-01,2000-03-31,14.621162617579103
Gallatin,2000-03-01,2000-03-31,-26.36680048564449
Paradise Valley,2000-03-01,2000-03-31,-11.785210520029068
Bitterroot,2000-04-01,2000-04-30,-34.7954607270658
Gallatin,2000-04-01,2000-04-30,-67.65134838595986
Paradise Valley,2000-04-01,2000-04-30,-32.64505681395531
Bitterroot,2000-05-01,2000-05-31,-33.664433443918824
Gallatin,2000-05-01,2000-05-31,-32.72981855273247
Paradise Valley,2000-05-01,2000-05-31,0.2644238770008087
Bitterroot,2000-06-01,2000-06-30,-94.49419224262238
Gallatin,2000-06-01,2000-06-30,-92.7843613550067
Paradise Valley,2000-06-01,2000-06-30,-83.18130440823734
Bitterroot,2000-07-01,2000-07-31,-149.0278437845409
Gallatin,2000-07-01,2000-07-31,-158.95908248052
Paradise Valley,2000-07-01,2000-07-31,-155.7912656441331
Bitterroot,2000-08-01,2000-08-31,-146.72938275849447
Gallatin,2000-08-01,2000-08-31,-149.41786297038198
Paradise Valley,2000-08-01,2000-08-31,-133.5033087003976
Bitterroot,2000-09-01,2000-09-30,-27.877581149339676
Gallatin,2000-09-01,2000-09-30,-77.13900324795395
Paradise Valley,2000-09-01,2000-09-30,-66.59283983148634
Bitterroot,2000-10-01,2000-10-31,52.45802726736292
Gallatin,2000-10-01,2000-10-31,13.359682678245008
Paradise Valley,2000-10-01,2000-10-31,13.359682678245008
Bitterroot,2000-11-01,2000-11-30,30.693182218819857
Gallatin,2000-11-01,2000-11-30,-5.8795698010362685
Paradise Valley,2000-11-01,2000-11-30,-4.214002393186092
Bitterroot,2000-12-01,2000-12-31,53.645096868276596
Gallatin,2000-12-01,2000-12-31,-7.868824964389205
Paradise Valley,2000-12-01,2000-12-31,26.46885097026825
Bitterroot,2001-01-01,2001-01-31,13.678607639856637
Gallatin,2001-01-01,2001-01-31,-13.147065317258239
Paradise Valley,2001-01-01,2001-01-31,-13.147065317258239
Bitterroot,2001-02-01,2001-02-28,35.96098065469414
Gallatin,2001-02-01,2001-02-28,-19.983850209973752
Paradise Valley,2001-02-01,2001-02-28,17.194344624876976
Bitterroot,2001-03-01,2001-03-31,14.905334094539285
Gallatin,2001-03-01,2001-03-31,-42.72580523323268
Paradise Valley,2001-03-01,2001-03-31,-14.465510070323944
Bitterroot,2001-04-01,2001-04-30,6.638540504034609
Gallatin,2001-04-01,2001-04-30,-44.668412597849965
Paradise Valley,2001-04-01,2001-04-30,0.6841351389884949
Bitterroot,2001-05-01,2001-05-31,-73.58987174928188
Gallatin,2001-05-01,2001-05-31,-126.25822491338477
Paradise Valley,2001-05-01,2001-05-31,-76.17418065667152
Bitterroot,2001-06-01,2001-06-30,-11.774913523811847
Gallatin,2001-06-01,2001-06-30,-41.72628012299538
Paradise Valley,2001-06-01,2001-06-30,-61.23829202353954
Bitterroot,2001-07-01,2001-07-31,-99.66716276109219
Gallatin,2001-07-01,2001-07-31,-119.78637139685452
Paradise Valley,2001-07-01,2001-07-31,-120.28810486197472
Bitterroot,2001-08-01,2001-08-31,-151.63571514748037
Gallatin,2001-08-01,2001-08-31,-157.73681279923767
Paradise Valley,2001-08-01,2001-08-31,-145.1030723247677
Bitterroot,2001-09-01,2001-09-30,-88.07257894752547
Gallatin,2001-09-01,2001-09-30,-81.69538288982585
Paradise Valley,2001-09-01,2001-09-30,-84.1261561489664
Bitterroot,2001-10-01,2001-10-31,60.888331891968846
Gallatin,2001-10-01,2001-10-31,-29.60811779089272
Paradise Valley,2001-10-01,2001-10-31,-14.121097728610039
Bitterroot,2001-11-01,2001-11-30,32.33946796879172
Gallatin,2001-11-01,2001-11-30,-30.30465167760849
Paradise Valley,2001-11-01,2001-11-30,-0.6049095317721367
Bitterroot,2001-12-01,2001-12-31,93.85985778272152
Gallatin,2001-12-01,2001-12-31,-9.97486705891788
Paradise Valley,2001-12-01,2001-12-31,22.098196148872375
Bitterroot,2002-01-01,2002-01-31,107.86379593238235
Gallatin,2002-01-01,2002-01-31,-4.558169163763523
Paradise Valley,2002-01-01,2002-01-31,24.102435749024153
Bitterroot,2002-02-01,2002-02-28,23.125828726682812
Gallatin,2002-02-01,2002-02-28,-26.019398535601795
Paradise Valley,2002-02-01,2002-02-28,-13.719265677034855
Bitterroot,2002-03-01,2002-03-31,52.79422778869048
Gallatin,2002-03-01,2002-03-31,-35.27697325497866
Paradise Valley,2002-03-01,2002-03-31,34.42276173830032
Bitterroot,2002-04-01,2002-04-30,5.992054674774408
Gallatin,2002-04-01,2002-04-30,-57.07729277992621
Paradise Valley,2002-04-01,2002-04-30,7.357117608189583
Bitterroot,2002-05-01,2002-05-31,-10.253181454725564
Gallatin,2002-05-01,2002-05-31,-44.47049629315734
Paradise Valley,2002-05-01,2002-05-31,-44.47049629315734
Bitterroot,2002-06-01,2002-06-30,-26.494197835214436
Gallatin,2002-06-01,2002-06-30,-41.61865627206862
Paradise Valley,2002-06-01,2002-06-30,-62.52568678185344
Bitterroot,2002-07-01,2002-07-31,-134.4889938030392
Gallatin,2002-07-01,2002-07-31,-141.00576050579548
Paradise Valley,2002-07-01,2002-07-31,-139.57642686925828
Bitterroot,2002-08-01,2002-08-31,-87.29850086197257
Gallatin,2002-08-01,2002-08-31,-109.78836918622255
Paradise Valley,2002-08-01,2002-08-31,-109.78836918622255
Bitterroot,2002-09-01,2002-09-30,-62.38697175681591
Gallatin,2002-09-01,2002-09-30,-61.00021085282788
Paradise Valley,2002-09-01,2002-09-30,-60.64874893054366
Bitterroot,2002-10-01,2002-10-31,-28.95238719554618
Gallatin,2002-10-01,2002-10-31,-47.88536780234426
Paradise Valley,2002-10-01,2002-10-31,-0.25463999016210437
Bitterroot,2002-11-01,2002-11-30,40.583437371999025
Gallatin,2002-11-01,2002-11-30,-23.876123395748436
Paradise Valley,2002-11-01,2002-11-30,9.932261630892754
Bitterroot,2002-12-01,2002-12-31,58.344811506569386
Gallatin,2002-12-01,2002-12-31,-13.930734318681061
Paradise Valley,2002-12-01,2002-12-31,8.249083533883095
Bitterroot,2003-01-01,2003-01-31,126.11096448730677
Gallatin,2003-01-01,2003-01-31,-0.9854298448190093
Paradise Valley,2003-01-01,2003-01-31,29.811886206269264
Bitterroot,2003-02-01,2003-02-28,90.47757257753983
Gallatin,2003-02-01,2003-02-28,9.367486198432744
Paradise Valley,2003-02-01,2003-02-28,32.17414382845163
Bitterroot,2003-03-01,2003-03-31,136.0624517025426
Gallatin,2003-03-01,2003-03-31,-31.610411236062646
Paradise Valley,2003-03-01,2003-03-31,51.264617934823036
Bitterroot,2003-04-01,2003-04-30,-2.047386836260557
Gallatin,2003-04-01,2003-04-30,-2.5951626002788544
Paradise Valley,2003-04-01,2003-04-30,-2.5951626002788544
Bitterroot,2003-05-01,2003-05-31,-22.438005696982145
Gallatin,2003-05-01,2003-05-31,-54.18769816029817
Paradise Valley,2003-05-01,2003-05-31,-49.67327077686787
Bitterroot,2003-06-01,2003-06-30,-103.27242881245911
Gallatin,2003-06-01,2003-06-30,-91.84088973514736
Paradise Valley,2003-06-01,2003-06-30,-91.84088973514736
Bitterroot,2003-07-01,2003-07-31,-164.34123724186793
Gallatin,2003-07-01,2003-07-31,-165.5468481448479
Paradise Valley,2003-07-01,2003-07-31,-168.76171371154487
Bitterroot,2003-08-01,2003-08-31,-115.58533903956413
Gallatin,2003-08-01,2003-08-31,-132.47333967220038
Paradise Valley,2003-08-01,2003-08-31,-129.1450175754726
Bitterroot,2003-09-01,2003-09-30,-70.89041179418564
Gallatin,2003-09-01,2003-09-30,-100.73503150418401
Paradise Valley,2003-09-01,2003-09-30,-68.65538787655532
Bitterroot,2003-10-01,2003-10-31,-10.760818308219314
Gallatin,2003-10-01,2003-10-31,-61.391795605421066
Paradise Valley,2003-10-01,2003-10-31,-41.2951273676008
Bitterroot,2003-11-01,2003-11-30,102.32730571739376
Gallatin,2003-11-01,2003-11-30,-19.82198252901435
Paradise Valley,2003-11-01,2003-11-30,31.44250413030386
Bitterroot,2003-12-01,2003-12-31,103.92554612457752
Gallatin,2003-12-01,2003-12-31,6.553314024582505
Paradise Valley,2003-12-01,2003-12-31,35.34680237760767
Bitterroot,2004-01-01,2004-01-31,97.50837871432304
Gallatin,2004-01-01,2004-01-31,-11.79629769641906
Paradise Valley,2004-01-01,2004-01-31,5.385630548000336
Bitterroot,2004-02-01,2004-02-29,30.886228315532207
Gallatin,2004-02-01,2004-02-29,-8.717906795442104
Paradise Valley,2004-02-01,2004-02-29,-1.2906936551444232
Bitterroot,2004-03-01,2004-03-31,-4.696098819375038
Gallatin,2004-03-01,2004-03-31,-62.102461034432054
Paradise Valley,2004-03-01,2004-03-31,-44.65299928933382
Bitterroot,2004-04-01,2004-04-30,-32.501124411821365
Gallatin,2004-04-01,2004-04-30,-48.094396233558655
Paradise Valley,2004-04-01,2004-04-30,-33.509071219712496
Bitterroot,2004-05-01,2004-05-31,48.89661563746631
Gallatin,2004-05-01,2004-05-31,-23.415801636874676
Paradise Valley,2004-05-01,2004-05-31,-23.415801636874676
Bitterroot,2004-06-01,2004-06-30,-62.59859775006771
Gallatin,2004-06-01,2004-06-30,-71.6963202599436
Paradise Valley,2004-06-01,2004-06-30,-58.60275815054774
Bitterroot,2004-07-01,2004-07-31,-132.45216971635818
Gallatin,2004-07-01,2004-07-31,-130.35899392142892
Paradise Valley,2004-07-01,2004-07-31,-103.66283362964168
Bitterroot,2004-08-01,2004-08-31,-44.36089735478163
Gallatin,2004-08-01,2004-08-31,-89.21139161661267
Paradise Valley,2004-08-01,2004-08-31,-41.118175415322185
Bitterroot,2004-09-01,2004-09-30,15.05164559185505
Gallatin,2004-09-01,2004-09-30,-49.09412092063576
Paradise Valley,2004-09-01,2004-09-30,-14.95380349829793
Bitterroot,2004-10-01,2004-10-31,-6.428681470453739
Gallatin,2004-10-01,2004-10-31,-12.625096580013633
Paradise Valley,2004-10-01,2004-10-31,6.2594167441129684
Bitterroot,2004-11-01,2004-11-30,40.25981759279966
Gallatin,2004-11-01,2004-11-30,-22.32867715228349
Paradise Valley,2004-11-01,2004-11-30,-7.25425985828042
Bitterroot,2004-12-01,2004-12-31,65.56621299311519
Gallatin,2004-12-01,2004-12-31,-20.038493152707815
Paradise Valley,2004-12-01,2004-12-31,10.631857208907604
Bitterroot,2005-01-01,2005-01-31,46.34348799381405
Gallatin,2005-01-01,2005-01-31,-11.93594457115978
Paradise Valley,2005-01-01,2005-01-31,3.0881372280418873
Bitterroot,2005-02-01,2005-02-28,-8.865794964134693
Gallatin,2005-02-01,2005-02-28,-31.709522624500096
Paradise Valley,2005-02-01,2005-02-28,-6.643466778099537
Bitterroot,2005-03-01,2005-03-31,14.714272115379572
Gallatin,2005-03-01,2005-03-31,-26.100843988358974
Paradise Valley,2005-03-01,2005-03-31,-6.230176478624344
Bitterroot,2005-04-01,2005-04-30,15.733743514865637
Gallatin,2005-04-01,2005-04-30,-41.821883054450154
Paradise Valley,2005-04-01,2005-04-30,-40.98294712975621
Bitterroot,2005-05-01,2005-05-31,-2.079115154221654
Gallatin,2005-05-01,2005-05-31,-46.01023308560252
Paradise Valley,2005-05-01,2005-05-31,-13.418466180562973
Bitterroot,2005-06-01,2005-06-30,-10.75767477042973
Gallatin,2005-06-01,2005-06-30,-4.634143404662609
Paradise Valley,2005-06-01,2005-06-30,-13.238530043512583
Bitterroot,2005-07-01,2005-07-31,-169.448182689026
Gallatin,2005-07-01,2005-07-31,-165.06038084626198
Paradise Valley,2005-07-01,2005-07-31,-158.08707935269922
Bitterroot,2005-08-01,2005-08-31,-130.5745358467102
Gallatin,2005-08-01,2005-08-31,-96.76104713557288
Paradise Valley,2005-08-01,2005-08-31,-72.80040363408625
Bitterroot,2005-09-01,2005-09-30,-45.871018756181
Gallatin,2005-09-01,2005-09-30,-82.05914513394237
Paradise Valley,2005-09-01,2005-09-30,-44.3996786698699
Bitterroot,2005-10-01,2005-10-31,4.397519990801811
Gallatin,2005-10-01,2005-10-31,-1.4290919164195657
Paradise Valley,2005-10-01,2005-10-31,-1.4290919164195657
Bitterroot,2005-11-01,2005-11-30,110.15063790231943
Gallatin,2005-11-01,2005-11-30,8.167047643102705
Paradise Valley,2005-11-01,2005-11-30,43.85902290791273
Bitterroot,2005-12-01,2005-12-31,94.85968260467052
Gallatin,2005-12-01,2005-12-31,1.494502054527402
Paradise Valley,2005-12-01,2005-12-31,31.340131148695946
Bitterroot,2006-01-01,2006-01-31,128.26963929831982
Gallatin,2006-01-01,2006-01-31,-12.447373313829303
Paradise Valley,2006-01-01,2006-01-31,22.675926208496094
Bitterroot,2006-02-01,2006-02-28,48.702870624139905
Gallatin,2006-02-01,2006-02-28,-29.20437627285719
Paradise Valley,2006-02-01,2006-02-28,9.304880741983652
Bitterroot,2006-03-01,2006-03-31,26.48871457017958
Gallatin,2006-03-01,2006-03-31,-29.382932237815112
Paradise Valley,2006-03-01,2006-03-31,-15.238105565309525
Bitterroot,2006-04-01,2006-04-30,14.979834004770964
Gallatin,2006-04-01,2006-04-30,-23.547595905140042
Paradise Valley,2006-04-01,2006-04-30,-23.547595905140042
Bitterroot,2006-05-01,2006-05-31,-60.77344802767038
Gallatin,2006-05-01,2006-05-31,-90.75114286877215
Paradise Valley,2006-05-01,2006-05-31,-77.73690239340067
Bitterroot,2006-06-01,2006-06-30,-68.3258621096611
Gallatin,2006-06-01,2006-06-30,-83.69906012015417
Paradise Valley,2006-06-01,2006-06-30,-86.15347288921475
Bitterroot,2006-07-01,2006-07-31,-164.73657506052405
Gallatin,2006-07-01,2006-07-31,-157.7795953117311
Paradise Valley,2006-07-01,2006-07-31,-141.8802642337978
Bitterroot,2006-08-01,2006-08-31,-121.79174602497369
Gallatin,2006-08-01,2006-08-31,-135.92644568998367
Paradise Valley,2006-08-01,2006-08-31,-127.75320750847459
Bitterroot,2006-09-01,2006-09-30,-52.546343656722456
Gallatin,2006-09-01,2006-09-30,-64.34863685211167
Paradise Valley,2006-09-01,2006-09-30,-57.44032511301339
Bitterroot,2006-10-01,2006-10-31,7.132532201707363
Gallatin,2006-10-01,2006-10-31,25.303021669387817
Paradise Valley,2006-10-01,2006-10-31,32.10490819811821
Bitterroot,2006-11-01,2006-11-30,143.29662629403174
Gallatin,2006-11-01,2006-11-30,-28.800285345874727
Paradise Valley,2006-11-01,2006-11-30,21.34389590099454
Bitterroot,2006-12-01,2006-12-31,80.8209665864706
Gallatin,2006-12-01,2006-12-31,-17.640710891224444
Paradise Valley,2006-12-01,2006-12-31,30.509633099660277
Bitterroot,2007-01-01,2007-01-31,59.61398820206523
Gallatin,2007-01-01,2007-01-31,-20.031848372891545
Paradise Valley,2007-01-01,2007-01-31,13.007847875356674
Bitterroot,2007-02-01,2007-02-28,73.4041722076945
Gallatin,2007-02-01,2007-02-28,-2.715874083340168
Paradise Valley,2007-02-01,2007-02-28,35.48743586242199
Bitterroot,2007-03-01,2007-03-31,-0.48096267879009247
Gallatin,2007-03-01,2007-03-31,-54.91916944459081
Paradise Valley,2007-03-01,2007-03-31,-42.11194305121899
Bitterroot,2007-04-01,2007-04-30,-14.169656488113105
Gallatin,2007-04-01,2007-04-30,-39.218171518296
Paradise Valley,2007-04-01,2007-04-30,-12.084689900279045
Bitterroot,2007-05-01,2007-05-31,-41.89257415384054
Gallatin,2007-05-01,2007-05-31,-39.548657869920135
Paradise Valley,2007-05-01,2007-05-31,-82.63504736125469
Bitterroot,2007-06-01,2007-06-30,-75.06142937764525
Gallatin,2007-06-01,2007-06-30,-105.47304373979568
Paradise Valley,2007-06-01,2007-06-30,-105.47304373979568
Bitterroot,2007-07-01,2007-07-31,-171.06039050221443
Gallatin,2007-07-01,2007-07-31,-172.40874620480463
Paradise Valley,2007-07-01,2007-07-31,-141.93725885590538
Bitterroot,2007-08-01,2007-08-31,-134.40455675590783
Gallatin,2007-08-01,2007-08-31,-138.71662425994873
Paradise Valley,2007-08-01,2007-08-31,-103.39533393830061
Bitterroot,2007-09-01,2007-09-30,-39.742898328229785
Gallatin,2007-09-01,2007-09-30,-67.55790636409074
Paradise Valley,2007-09-01,2007-09-30,-51.75151090696454
Bitterroot,2007-10-01,2007-10-31,34.80571550130844
Gallatin,2007-10-01,2007-10-31,0.9973073387518525
Paradise Valley,2007-10-01,2007-10-31,54.94460231810808
Bitterroot,2007-11-01,2007-11-30,70.03947030007839
Gallatin,2007-11-01,2007-11-30,-24.096403695642948
Paradise Valley,2007-11-01,2007-11-30,12.363981664180756
Bitterroot,2007-12-01,2007-12-31,134.92368671298027
Gallatin,2007-12-01,2007-12-31,-4.609636060427874
Paradise Valley,2007-12-01,2007-12-31,53.62039523385465
Bitterroot,2008-01-01,2008-01-31,97.09396024607122
Gallatin,2008-01-01,2008-01-31,-10.941533739678562
Paradise Valley,2008-01-01,2008-01-31,22.800118427723646
Bitterroot,2008-02-01,2008-02-29,87.63042277656496
Gallatin,2008-02-01,2008-02-29,-25.299259173683822
Paradise Valley,2008-02-01,2008-02-29,17.679633414372802
Bitterroot,2008-03-01,2008-03-31,68.70649889111519
Gallatin,2008-03-01,2008-03-31,-37.227374150883406
Paradise Valley,2008-03-01,2008-03-31,32.00509027391672
Bitterroot,2008-04-01,2008-04-30,-5.020216930657625
Gallatin,2008-04-01,2008-04-30,-45.560013219714165
Paradise Valley,2008-04-01,2008-04-30,-27.9281249884516
Bitterroot,2008-05-01,2008-05-31,-47.14704483747482
Gallatin,2008-05-01,2008-05-31,-31.129151333123446
Paradise Valley,2008-05-01,2008-05-31,-2.602233238518238
Bitterroot,2008-06-01,2008-06-30,-41.36128155142069
Gallatin,2008-06-01,2008-06-30,-78.50128461327404
Paradise Valley,2008-06-01,2008-06-30,-53.093853080645204
Bitterroot,2008-07-01,2008-07-31,-163.91453821538016
Gallatin,2008-07-01,2008-07-31,-166.4026434160769
Paradise Valley,2008-07-01,2008-07-31,-165.538899211213
Bitterroot,2008-08-01,2008-08-31,-94.76050265133381
Gallatin,2008-08-01,2008-08-31,-146.19492245046422
Paradise Valley,2008-08-01,2008-08-31,-142.58650011569262
Bitterroot,2008-09-01,2008-09-30,-52.593611139804125
Gallatin,2008-09-01,2008-09-30,-74.98871496319771
Paradise Valley,2008-09-01,2008-09-30,-66.7668187348172
Bitterroot,2008-10-01,2008-10-31,-9.698677114211023
Gallatin,2008-10-01,2008-10-31,-46.17895881086588
Paradise Valley,2008-10-01,2008-10-31,-19.624668042175472
Bitterroot,2008-11-01,2008-11-30,93.5975039191544
Gallatin,2008-11-01,2008-11-30,-16.013237427920103
Paradise Valley,2008-11-01,2008-11-30,11.87263284996152
Bitterroot,2008-12-01,2008-12-31,124.7701263949275
Gallatin,2008-12-01,2008-12-31,2.654014442116022
Paradise Valley,2008-12-01,2008-12-31,47.52601307630539
Bitterroot,2009-01-01,2009-01-31,161.05051332339644
Gallatin,2009-01-01,2009-01-31,-23.43936941958964
Paradise Valley,2009-01-01,2009-01-31,50.68075831839815
Bitterroot,2009-02-01,2009-02-28,12.30047981068492
Gallatin,2009-02-01,2009-02-28,-27.838616274297237
Paradise Valley,2009-02-01,2009-02-28,-3.822765376418829
Bitterroot,2009-03-01,2009-03-31,87.22202963940799
Gallatin,2009-03-01,2009-03-31,9.095067233778536
Paradise Valley,2009-03-01,2009-03-31,25.815423883497715
Bitterroot,2009-04-01,2009-04-30,-20.120089501142502
Gallatin,2009-04-01,2009-04-30,-14.347778317984194
Paradise Valley,2009-04-01,2009-04-30,25.638011261820793
Bitterroot,2009-05-01,2009-05-31,-17.66560180671513
Gallatin,2009-05-01,2009-05-31,-99.85541866719723
Paradise Valley,2009-05-01,2009-05-31,-54.65320873260498
Bitterroot,2009-06-01,2009-06-30,-45.012121088802814
Gallatin,2009-06-01,2009-06-30,-57.47506885230541
Paradise Valley,2009-06-01,2009-06-30,5.6075553223490715
Bitterroot,2009-07-01,2009-07-31,-138.24668184807524
Gallatin,2009-07-01,2009-07-31,-117.66839901683852
Paradise Valley,2009-07-01,2009-07-31,-117.66839901683852
Bitterroot,2009-08-01,2009-08-31,-68.10292736440897
Gallatin,2009-08-01,2009-08-31,-109.61485242191702
Paradise Valley,2009-08-01,2009-08-31,-94.52670207899064
Bitterroot,2009-09-01,2009-09-30,-104.851632270962
Gallatin,2009-09-01,2009-09-30,-114.03807909786701
Paradise Valley,2009-09-01,2009-09-30,-104.38461897149682
Bitterroot,2009-10-01,2009-10-31,19.114185022655874
Gallatin,2009-10-01,2009-10-31,9.826520778238773
Paradise Valley,2009-10-01,2009-10-31,25.078577181324363
Bitterroot,2009-11-01,2009-11-30,15.915275274775922
Gallatin,2009-11-01,2009-11-30,-20.220522205345333
Paradise Valley,2009-11-01,2009-11-30,-16.154678190127015
Bitterroot,2009-12-01,2009-12-31,35.2241720110178
Gallatin,2009-12-01,2009-12-31,-11.633363094180822
Paradise Valley,2009-12-01,2009-12-31,15.429189894348383
Bitterroot,2010-01-01,2010-01-31,36.53802921436727
Gallatin,2010-01-01,2010-01-31,-14.046560514718294
Paradise Valley,2010-01-01,2010-01-31,-3.367287792265415
Bitterroot,2010-02-01,2010-02-28,-4.44266863912344
Gallatin,2010-02-01,2010-02-28,-23.381080601364374
Paradise Valley,2010-02-01,2010-02-28,-12.909297302365303
Bitterroot,2010-03-01,2010-03-31,-5.960496384650469
Gallatin,2010-03-01,2010-03-31,-54.734763151966035
Paradise Valley,2010-03-01,2010-03-31,-30.998867351561785
Bitterroot,2010-04-01,2010-04-30,-13.498576171696186
Gallatin,2010-04-01,2010-04-30,-57.90660466067493
Paradise Valley,2010-04-01,2010-04-30,-17.612703531980515
Bitterroot,2010-05-01,2010-05-31,-19.394049108028412
Gallatin,2010-05-01,2010-05-31,-36.954043263569474
Paradise Valley,2010-05-01,2010-05-31,-16.914925968274474
Bitterroot,2010-06-01,2010-06-30,-27.100518418475986
Gallatin,2010-06-01,2010-06-30,-43.87823274265975
Paradise Valley,2010-06-01,2010-06-30,-15.236150447279215
Bitterroot,2010-07-01,2010-07-31,-146.95520581305027
Gallatin,2010-07-01,2010-07-31,-155.47228814661503
Paradise Valley,2010-07-01,2010-07-31,-156.9342852095142
Bitterroot,2010-08-01,2010-08-31,-101.59022879600525
Gallatin,2010-08-01,2010-08-31,-105.9386113807559
Paradise Valley,2010-08-01,2010-08-31,-109.28468142449856
Bitterroot,2010-09-01,2010-09-30,-55.22701643779874
Gallatin,2010-09-01,2010-09-30,-82.3282218016684
Paradise Valley,2010-09-01,2010-09-30,-87.85540142655373
Bitterroot,2010-10-01,2010-10-31,15.064307088032365
Gallatin,2010-10-01,2010-10-31,-54.96303198300302
Paradise Valley,2010-10-01,2010-10-31,-28.889182209968567
Bitterroot,2010-11-01,2010-11-30,72.59397176280618
Gallatin,2010-11-01,2010-11-30,11.378108114004135
Paradise Valley,2010-11-01,2010-11-30,40.79027958214283
Bitterroot,2010-12-01,2010-12-31,109.55105070956051
Gallatin,2010-12-01,2010-12-31,-9.128887094557285
Paradise Valley,2010-12-01,2010-12-31,66.19764870405197
Bitterroot,2011-01-01,2011-01-31,142.74769005505368
Gallatin,2011-01-01,2011-01-31,-10.964982073754072
Paradise Valley,2011-01-01,2011-01-31,41.9196991212666
Bitterroot,2011-02-01,2011-02-28,62.26984886825085
Gallatin,2011-02-01,2011-02-28,-11.09287067875266
Paradise Valley,2011-02-01,2011-02-28,20.302432276308537
Bitterroot,2011-03-01,2011-03-31,74.54048313200474
Gallatin,2011-03-01,2011-03-31,-16.860013597644866
Paradise Valley,2011-03-01,2011-03-31,38.524853041395545
Bitterroot,2011-04-01,2011-04-30,63.44486302137375
Gallatin,2011-04-01,2011-04-30,-3.3801512867212296
Paradise Valley,2011-04-01,2011-04-30,83.6293081343174
Bitterroot,2011-05-01,2011-05-31,3.186162443831563
Gallatin,2011-05-01,2011-05-31,16.313037264626473
Paradise Valley,2011-05-01,2011-05-31,27.376475209370255
Bitterroot,2011-06-01,2011-06-30,-14.09234314551577
Gallatin,2011-06-01,2011-06-30,-48.02980849891901
Paradise Valley,2011-06-01,2011-06-30,-48.02980849891901
Bitterroot,2011-07-01,2011-07-31,-137.09225048869848
Gallatin,2011-07-01,2011-07-31,-164.9959485172294
Paradise Valley,2011-07-01,2011-07-31,-147.93018890637904
Bitterroot,2011-08-01,2011-08-31,-144.2364538675174
Gallatin,2011-08-01,2011-08-31,-142.69143450446427
Paradise Valley,2011-08-01,2011-08-31,-127.68138773692772
Bitterroot,2011-09-01,2011-09-30,-101.05380791705102
Gallatin,2011-09-01,2011-09-30,-107.62125307135284
Paradise Valley,2011-09-01,2011-09-30,-94.18386808224022
Bitterroot,2011-10-01,2011-10-31,42.02718704752624
Gallatin,2011-10-01,2011-10-31,-27.138641096651554
Paradise Valley,2011-10-01,2011-10-31,13.660467426292598
Bitterroot,2011-11-01,2011-11-30,69.72365670558065
Gallatin,2011-11-01,2011-11-30,-9.106060698628426
Paradise Valley,2011-11-01,2011-11-30,51.46521300729364
Bitterroot,2011-12-01,2011-12-31,74.53354078158736
Gallatin,2011-12-01,2011-12-31,-5.552863389253616
Paradise Valley,2011-12-01,2011-12-31,36.50753229483962
Bitterroot,2012-01-01,2012-01-31,111.37620729766786
Gallatin,2012-01-01,2012-01-31,-20.356697160750628
Paradise Valley,2012-01-01,2012-01-31,18.22975166141987
Bitterroot,2012-02-01,2012-02-29,90.45407946780324
Gallatin,2012-02-01,2012-02-29,-14.585195502266288
Paradise Valley,2012-02-01,2012-02-29,34.75141905248165
Bitterroot,2012-03-01,2012-03-31,70.36834371089935
Gallatin,2012-03-01,2012-03-31,-32.26228752359748
Paradise Valley,2012-03-01,2012-03-31,-7.130863472819328
Bitterroot,2012-04-01,2012-04-30,-11.684454083442688
Gallatin,2012-04-01,2012-04-30,-44.077093098312616
Paradise Valley,2012-04-01,2012-04-30,-8.044246062636375
Bitterroot,2012-05-01,2012-05-31,-22.25219240784645
Gallatin,2012-05-01,2012-05-31,-61.14378261566162
Paradise Valley,2012-05-01,2012-05-31,-14.916315108537674
Bitterroot,2012-06-01,2012-06-30,-68.9431266556494
Gallatin,2012-06-01,2012-06-30,-127.38515442749485
Paradise Valley,2012-06-01,2012-06-30,-117.14082319103181
Bitterroot,2012-07-01,2012-07-31,-148.3128242166713
Gallatin,2012-07-01,2012-07-31,-158.51751130307093
Paradise Valley,2012-07-01,2012-07-31,-131.4088042639196
Bitterroot,2012-08-01,2012-08-31,-146.68570638587698
Gallatin,2012-08-01,2012-08-31,-160.3831691890955
Paradise Valley,2012-08-01,2012-08-31,-152.40272319782525
Bitterroot,2012-09-01,2012-09-30,-116.59404330141842
Gallatin,2012-09-01,2012-09-30,-116.96007085591555
Paradise Valley,2012-09-01,2012-09-30,-96.80346612259746
Bitterroot,2012-10-01,2012-10-31,45.78039512038231
Gallatin,2012-10-01,2012-10-31,-50.72581391548738
Paradise Valley,2012-10-01,2012-10-31,-5.236181839369237
Bitterroot,2012-11-01,2012-11-30,58.08338266611099
Gallatin,2012-11-01,2012-11-30,-23.26856354251504
Paradise Valley,2012-11-01,2012-11-30,13.007023096084595
Bitterroot,2012-12-01,2012-12-31,118.77307964861393
Gallatin,2012-12-01,2012-12-31,-11.246004621498287
Paradise Valley,2012-12-01,2012-12-31,59.645527705550194
Bitterroot,2013-01-01,2013-01-31,74.01878537423909
Gallatin,2013-01-01,2013-01-31,-10.681625852826983
Paradise Valley,2013-01-01,2013-01-31,12.067976146936417
Bitterroot,2013-02-01,2013-02-28,24.7675653193146
Gallatin,2013-02-01,2013-02-28,-18.732836032286286
Paradise Valley,2013-02-01,2013-02-28,3.9605500921607018
Bitterroot,2013-03-01,2013-03-31,25.61374619230628
Gallatin,2013-03-01,2013-03-31,-39.11420185863972
Paradise Valley,2013-03-01,2013-03-31,-1.7030557319521904
Bitterroot,2013-04-01,2013-04-30,13.27702285349369
Gallatin,2013-04-01,2013-04-30,-47.76855194941163
Paradise Valley,2013-04-01,2013-04-30,11.900156527757645
Bitterroot,2013-05-01,2013-05-31,-62.85492797894403
Gallatin,2013-05-01,2013-05-31,-42.22071276791394
Paradise Valley,2013-05-01,2013-05-31,-42.22071276791394
Bitterroot,2013-06-01,2013-06-30,-73.3791155712679
Gallatin,2013-06-01,2013-06-30,-100.87597761675715
Paradise Valley,2013-06-01,2013-06-30,-105.63217635452747
Bitterroot,2013-07-01,2013-07-31,-179.50992987165228
Gallatin,2013-07-01,2013-07-31,-179.17109040822834
Paradise Valley,2013-07-01,2013-07-31,-133.34698265232146
Bitterroot,2013-08-01,2013-08-31,-120.80469411890954
Gallatin,2013-08-01,2013-08-31,-149.16240569204092
Paradise Valley,2013-08-01,2013-08-31,-121.02938055992126
Bitterroot,2013-09-01,2013-09-30,-12.774719894863665
Gallatin,2013-09-01,2013-09-30,-39.1087361574173
Paradise Valley,2013-09-01,2013-09-30,14.983954634517431
Bitterroot,2013-10-01,2013-10-31,-27.345478653907776
Gallatin,2013-10-01,2013-10-31,-22.72417994402349
Paradise Valley,2013-10-01,2013-10-31,-4.972731625661254
Bitterroot,2013-11-01,2013-11-30,50.3451801687479
Gallatin,2013-11-01,2013-11-30,-18.550090628676116
Paradise Valley,2013-11-01,2013-11-30,24.668852912262082
Bitterroot,2013-12-01,2013-12-31,114.148104660213
Gallatin,2013-12-01,2013-12-31,-4.69568832591176
Paradise Valley,2013-12-01,2013-12-31,55.2198700774461
Bitterroot,2014-01-01,2014-01-31,89.93617689609528
Gallatin,2014-01-01,2014-01-31,-21.902678824029863
Paradise Valley,2014-01-01,2014-01-31,21.732265323400497
Bitterroot,2014-02-01,2014-02-28,161.08212241530418
Gallatin,2014-02-01,2014-02-28,7.444851676002145
Paradise Valley,2014-02-01,2014-02-28,92.98244993388653
Bitterroot,2014-03-01,2014-03-31,104.88167680799961
Gallatin,2014-03-01,2014-03-31,-5.272766273468733
Paradise Valley,2014-03-01,2014-03-31,46.33244174718857
Bitterroot,2014-04-01,2014-04-30,3.381045076996088
Gallatin,2014-04-01,2014-04-30,-42.53743055043742
Paradise Valley,2014-04-01,2014-04-30,19.272537815384567
Bitterroot,2014-05-01,2014-05-31,-62.00163394212723
Gallatin,2014-05-01,2014-05-31,-72.00145091302693
Paradise Valley,2014-05-01,2014-05-31,-69.89074490685016
Bitterroot,2014-06-01,2014-06-30,-64.03311044722795
Gallatin,2014-06-01,2014-06-30,-51.80879750289023
Paradise Valley,2014-06-01,2014-06-30,-51.80879750289023
Bitterroot,2014-07-01,2014-07-31,-154.40021529700607
Gallatin,2014-07-01,2014-07-31,-153.95597314834595
Paradise Valley,2014-07-01,2014-07-31,-145.49899788200855
Bitterroot,2014-08-01,2014-08-31,-62.985617600381374
Gallatin,2014-08-01,2014-08-31,-46.91439021099359
Paradise Valley,2014-08-01,2014-08-31,-24.23153966665268
Bitterroot,2014-09-01,2014-09-30,-80.720729008317
Gallatin,2014-09-01,2014-09-30,-60.20103099942207
Paradise Valley,2014-09-01,2014-09-30,-34.30079288780689
Bitterroot,2014-10-01,2014-10-31,15.965032264590263
Gallatin,2014-10-01,2014-10-31,-65.82381060579792
Paradise Valley,2014-10-01,2014-10-31,-43.38048307597637
Bitterroot,2014-11-01,2014-11-30,150.56641399487853
Gallatin,2014-11-01,2014-11-30,0.42443963699042797
Paradise Valley,2014-11-01,2014-11-30,64.2854980379343
Bitterroot,2014-12-01,2014-12-31,95.7887241221033
Gallatin,2014-12-01,2014-12-31,-4.351388700306416
Paradise Valley,2014-12-01,2014-12-31,44.49513236992061
Bitterroot,2015-01-01,2015-01-31,84.33746542781591
Gallatin,2015-01-01,2015-01-31,-16.288265876471996
Paradise Valley,2015-01-01,2015-01-31,18.32566688209772
Bitterroot,2015-02-01,2015-02-28,30.25851759314537
Gallatin,2015-02-01,2015-02-28,-28.915355193428695
Paradise Valley,2015-02-01,2015-02-28,2.5884595438838005
Bitterroot,2015-03-01,2015-03-31,-12.96952798962593
Gallatin,2015-03-01,2015-03-31,-73.34985418617725
Paradise Valley,2015-03-01,2015-03-31,-54.84024553373456
Bitterroot,2015-04-01,2015-04-30,-28.845560681074858
Gallatin,2015-04-01,2015-04-30,-48.950139889493585
Paradise Valley,2015-04-01,2015-04-30,-38.529820742085576
Bitterroot,2015-05-01,2015-05-31,-57.24908434972167
Gallatin,2015-05-01,2015-05-31,-12.41323223290965
Paradise Valley,2015-05-01,2015-05-31,3.514473333954811
Bitterroot,2015-06-01,2015-06-30,-129.26885804906487
Gallatin,2015-06-01,2015-06-30,-129.41888412088156
Paradise Valley,2015-06-01,2015-06-30,-119.72162774018943
Bitterroot,2015-07-01,2015-07-31,-122.8156980574131
Gallatin,2015-07-01,2015-07-31,-107.5104278754443
Paradise Valley,2015-07-01,2015-07-31,-88.82617995329201
Bitterroot,2015-08-01,2015-08-31,-143.0590576324612
Gallatin,2015-08-01,2015-08-31,-133.6979986699298
Paradise Valley,2015-08-01,2015-08-31,-91.70492453500628
Bitterroot,2015-09-01,2015-09-30,-67.18287831544876
Gallatin,2015-09-01,2015-09-30,-70.85253668902442
Paradise Valley,2015-09-01,2015-09-30,-70.85253668902442
Bitterroot,2015-10-01,2015-10-31,-19.671231396496296
Gallatin,2015-10-01,2015-10-31,-24.01347789168358
Paradise Valley,2015-10-01,2015-10-31,-12.387123232707381
Bitterroot,2015-11-01,2015-11-30,57.15323793096468
Gallatin,2015-11-01,2015-11-30,6.034079879522324
Paradise Valley,2015-11-01,2015-11-30,26.327946960926056
Bitterroot,2015-12-01,2015-12-31,150.8221087604761
Gallatin,2015-12-01,2015-12-31,5.1723707402125
Paradise Valley,2015-12-01,2015-12-31,56.039939634501934
Bitterroot,2016-01-01,2016-01-31,53.31562454253435
Gallatin,2016-01-01,2016-01-31,-15.934374740347266
Paradise Valley,2016-01-01,2016-01-31,7.931249424815178
Bitterroot,2016-02-01,2016-02-29,60.74375011632219
Gallatin,2016-02-01,2016-02-29,-47.207811932079494
Paradise Valley,2016-02-01,2016-02-29,-7.443750939331949
Bitterroot,2016-03-01,2016-03-31,45.287500731647015
Gallatin,2016-03-01,2016-03-31,-34.84062460064888
Paradise Valley,2016-03-01,2016-03-31,12.462499938905239
Bitterroot,2016-04-01,2016-04-30,-37.07031400129199
Gallatin,2016-04-01,2016-04-30,-59.123437851667404
Paradise Valley,2016-04-01,2016-04-30,-49.503125950694084
Bitterroot,2016-05-01,2016-05-31,-36.05625036358833
Gallatin,2016-05-01,2016-05-31,-38.12812524288893
Paradise Valley,2016-05-01,2016-05-31,-39.114060409367085
Bitterroot,2016-06-01,2016-06-30,-111.8624999821186
Gallatin,2016-06-01,2016-06-30,-133.99843686819077
Paradise Valley,2016-06-01,2016-06-30,-133.99843686819077
Bitterroot,2016-07-01,2016-07-31,-106.87031137570739
Gallatin,2016-07-01,2016-07-31,-143.4843778219074
Paradise Valley,2016-07-01,2016-07-31,-132.8796882815659
Bitterroot,2016-08-01,2016-08-31,-133.81718891859055
Gallatin,2016-08-01,2016-08-31,-135.1796885021031
Paradise Valley,2016-08-01,2016-08-31,-135.1796885021031
Bitterroot,2016-09-01,2016-09-30,-29.784375017508864
Gallatin,2016-09-01,2016-09-30,-32.740625496953726
Paradise Valley,2016-09-01,2016-09-30,-32.740625496953726
Bitterroot,2016-10-01,2016-10-31,48.23593732807785
Gallatin,2016-10-01,2016-10-31,23.21874956600368
Paradise Valley,2016-10-01,2016-10-31,91.28281468153
Bitterroot,2016-11-01,2016-11-30,16.778123852796853
Gallatin,2016-11-01,2016-11-30,-29.87343728262931
Paradise Valley,2016-11-01,2016-11-30,-3.646874478086829
Bitterroot,2016-12-01,2016-12-31,138.74374954262748
Gallatin,2016-12-01,2016-12-31,11.295311888679862
Paradise Valley,2016-12-01,2016-12-31,117.57968780398369
Bitterroot,2017-01-01,2017-01-31,42.86406359821558
Gallatin,2017-01-01,2017-01-31,-9.643749974202365
Paradise Valley,2017-01-01,2017-01-31,41.04218849726021
Bitterroot,2017-02-01,2017-02-28,87.83593803457916
Gallatin,2017-02-01,2017-02-28,-21.38593833288178
Paradise Valley,2017-02-01,2017-02-28,98.72656109649688
Bitterroot,2017-03-01,2017-03-31,113.71406269073486
Gallatin,2017-03-01,2017-03-31,-29.33281195629388
Paradise Valley,2017-03-01,2017-03-31,41.78437594184652
Bitterroot,2017-04-01,2017-04-30,8.884375561028719
Gallatin,2017-04-01,2017-04-30,-1.4937496967613697
Paradise Valley,2017-04-01,2017-04-30,37.91718805208802
Bitterroot,2017-05-01,2017-05-31,-63.143749840557575
Gallatin,2017-05-01,2017-05-31,-67.87656207382679
Paradise Valley,2017-05-01,2017-05-31,-72.0640631429851
Bitterroot,2017-06-01,2017-06-30,-41.10937387030572
Gallatin,2017-06-01,2017-06-30,-78.14687513466924
Paradise Valley,2017-06-01,2017-06-30,-83.4828116223216
Bitterroot,2017-07-01,2017-07-31,-174.5078126937151
Gallatin,2017-07-01,2017-07-31,-161.64531199075282
Paradise Valley,2017-07-01,2017-07-31,-134.29687344655395
Bitterroot,2017-08-01,2017-08-31,-143.60156239708886
Gallatin,2017-08-01,2017-08-31,-129.87187514454126
Paradise Valley,2017-08-01,2017-08-31,-115.19687519036233
Bitterroot,2017-09-01,2017-09-30,-40.29374987538904
Gallatin,2017-09-01,2017-09-30,-18.945312686264515
Paradise Valley,2017-09-01,2017-09-30,33.60468900203705
Bitterroot,2017-10-01,2017-10-31,20.017188077792525
Gallatin,2017-10-01,2017-10-31,-45.13906314224005
Paradise Valley,2017-10-01,2017-10-31,-25.33906264603138
Bitterroot,2017-11-01,2017-11-30,99.9562481418252
Gallatin,2017-11-01,2017-11-30,11.643750417046249
Paradise Valley,2017-11-01,2017-11-30,109.92968709766865
Bitterroot,2017-12-01,2017-12-31,129.96875198930502
Gallatin,2017-12-01,2017-12-31,19.54843669384718
Paradise Valley,2017-12-01,2017-12-31,64.40312504768372
Bitterroot,2018-01-01,2018-01-31,82.24531280715019
Gallatin,2018-01-01,2018-01-31,-3.6140622459352016
Paradise Valley,2018-01-01,2018-01-31,33.381249997764826
Bitterroot,2018-02-01,2018-02-28,143.77968837041408
Gallatin,2018-02-01,2018-02-28,-2.317187753506005
Paradise Valley,2018-02-01,2018-02-28,92.51562333852053
Bitterroot,2018-03-01,2018-03-31,39.99999978393316
Gallatin,2018-03-01,2018-03-31,-5.51875046081841
Paradise Valley,2018-03-01,2018-03-31,10.68750137090683
Bitterroot,2018-04-01,2018-04-30,29.459374479949474
Gallatin,2018-04-01,2018-04-30,7.926562270149589
Paradise Valley,2018-04-01,2018-04-30,21.903126023709774
Bitterroot,2018-05-01,2018-05-31,-35.110938370227814
Gallatin,2018-05-01,2018-05-31,-59.29531307145953
Paradise Valley,2018-05-01,2018-05-31,-46.15000035241246
Bitterroot,2018-06-01,2018-06-30,-13.745312503539026
Gallatin,2018-06-01,2018-06-30,-33.75000035762787
Paradise Valley,2018-06-01,2018-06-30,-32.75000041723251
Bitterroot,2018-07-01,2018-07-31,-168.81093694269657
Gallatin,2018-07-01,2018-07-31,-159.94374946970493
Paradise Valley,2018-07-01,2018-07-31,-159.94374946970493
Bitterroot,2018-08-01,2018-08-31,-116.22968775033951
Gallatin,2018-08-01,2018-08-31,-108.9687502682209
Paradise Valley,2018-08-01,2018-08-31,-107.07187335938215
Bitterroot,2018-09-01,2018-09-30,-92.89843740314245
Gallatin,2018-09-01,2018-09-30,-92.09531296044588
Paradise Valley,2018-09-01,2018-09-30,-102.7968751816079
Bitterroot,2018-10-01,2018-10-31,22.834374748170376
Gallatin,2018-10-01,2018-10-31,-11.687499444000423
Paradise Valley,2018-10-01,2018-10-31,0.33281221985816956
Bitterroot,2018-11-01,2018-11-30,104.92343828082085
Gallatin,2018-11-01,2018-11-30,-3.4781255424022675
Paradise Valley,2018-11-01,2018-11-30,59.52343774493784
Bitterroot,2018-12-01,2018-12-31,79.39843798894435
Gallatin,2018-12-01,2018-12-31,-8.909374706447124
Paradise Valley,2018-12-01,2018-12-31,15.693750359117985
Bitterroot,2019-01-01,2019-01-31,45.320314129814506
Gallatin,2019-01-01,2019-01-31,-6.767187563702464
Paradise Valley,2019-01-01,2019-01-31,8.851562201976776
Bitterroot,2019-02-01,2019-02-28,96.18906150385737
Gallatin,2019-02-01,2019-02-28,55.00781376194209
Paradise Valley,2019-02-01,2019-02-28,67.17187410313636
Bitterroot,2019-03-01,2019-03-31,-10.49062530696392
Gallatin,2019-03-01,2019-03-31,-17.11874981224537
Paradise Valley,2019-03-01,2019-03-31,-17.11874981224537
Bitterroot,2019-04-01,2019-04-30,64.30781469866633
Gallatin,2019-04-01,2019-04-30,-4.996875107288361
Paradise Valley,2019-04-01,2019-04-30,37.57031416147947
Bitterroot,2019-05-01,2019-05-31,-46.06249896250665
Gallatin,2019-05-01,2019-05-31,-59.05000030621886
Paradise Valley,2019-05-01,2019-05-31,-37.65937469154596
Bitterroot,2019-06-01,2019-06-30,-103.33437438681722
Gallatin,2019-06-01,2019-06-30,-91.58437597751617
Paradise Valley,2019-06-01,2019-06-30,-64.1531233759597
Bitterroot,2019-07-01,2019-07-31,-133.87656169384718
Gallatin,2019-07-01,2019-07-31,-114.92968962620944
Paradise Valley,2019-07-01,2019-07-31,-114.92968962620944
Bitterroot,2019-08-01,2019-08-31,-94.65156192705035
Gallatin,2019-08-01,2019-08-31,-119.04374984279275
Paradise Valley,2019-08-01,2019-08-31,-118.10468750447035
Bitterroot,2019-09-01,2019-09-30,-14.053124874830246
Gallatin,2019-09-01,2019-09-30,-33.393750846385956
Paradise Valley,2019-09-01,2019-09-30,-22.464062236249447
Bitterroot,2019-10-01,2019-10-31,48.160938292741776
Gallatin,2019-10-01,2019-10-31,-7.281249130144715
Paradise Valley,2019-10-01,2019-10-31,23.767187094315886
Bitterroot,2019-11-01,2019-11-30,23.40312533080578
Gallatin,2019-11-01,2019-11-30,-14.848437917418778
Paradise Valley,2019-11-01,2019-11-30,2.1531244814395905
Bitterroot,2019-12-01,2019-12-31,34.643749793060124
Gallatin,2019-12-01,2019-12-31,-19.234375015832484
Paradise Valley,2019-12-01,2019-12-31,18.896874845027924
Bitterroot,2020-01-01,2020-01-31,132.55625163484365
Gallatin,2020-01-01,2020-01-31,-21.126562512479722
Paradise Valley,2020-01-01,2020-01-31,40.33281207084656
Bitterroot,2020-02-01,2020-02-29,105.03281507827342
Gallatin,2020-02-01,2020-02-29,-3.4531250670552254
Paradise Valley,2020-02-01,2020-02-29,37.13750019669533
Bitterroot,2020-03-01,2020-03-31,11.417186331935227
Gallatin,2020-03-01,2020-03-31,-30.29375014640391
Paradise Valley,2020-03-01,2020-03-31,8.568750333040953
Bitterroot,2020-04-01,2020-04-30,-10.917188617400825
Gallatin,2020-04-01,2020-04-30,-71.96874898672104
Paradise Valley,2020-04-01,2020-04-30,-24.203125678002834
Bitterroot,2020-05-01,2020-05-31,6.576560448855162
Gallatin,2020-05-01,2020-05-31,-88.1312497369945
Paradise Valley,2020-05-01,2020-05-31,-40.78124926611781
Bitterroot,2020-06-01,2020-06-30,1.9171880204230547
Gallatin,2020-06-01,2020-06-30,-56.8921925984323
Paradise Valley,2020-06-01,2020-06-30,-68.80000028386712
Bitterroot,2020-07-01,2020-07-31,-141.08125125896186
Gallatin,2020-07-01,2020-07-31,-148.60312393307686
Paradise Valley,2020-07-01,2020-07-31,-145.56562565546483
Bitterroot,2020-08-01,2020-08-31,-138.59062488935888
Gallatin,2020-08-01,2020-08-31,-142.8046882553026
Paradise Valley,2020-08-01,2020-08-31,-142.8046882553026
Bitterroot,2020-09-01,2020-09-30,-76.63124950509518
Gallatin,2020-09-01,2020-09-30,-92.71562637202442
Paradise Valley,2020-09-01,2020-09-30,-89.4703124165535
Bitterroot,2020-10-01,2020-10-31,72.80156232137233
Gallatin,2020-10-01,2020-10-31,-34.48593760281801
Paradise Valley,2020-10-01,2020-10-31,9.82812350988388
Bitterroot,2020-11-01,2020-11-30,42.84531266987324
Gallatin,2020-11-01,2020-11-30,-24.48124978831038
Paradise Valley,2020-11-01,2020-11-30,28.53125020302832
Bitterroot,2020-12-01,2020-12-31,72.56250051036477
Gallatin,2020-12-01,2020-12-31,-19.770312812179327
Paradise Valley,2020-12-01,2020-12-31,9.404687548056245
